Gender,Perspective,Age_1,Age_2,Pair_ID,Spare
1,1,1,0,0,1
0,1,1,0,0,0
1,1,0,0,1,1
0,1,0,0,1,0
1,1,0,1,2,1
1,1,1,0,2,0
1,1,0,0,3,0
1,1,0,1,3,1
0,1,0,1,4,1
0,1,1,0,4,0
1,1,0,0,5,0
1,1,1,0,5,1
0,1,0,1,6,0
1,1,0,1,6,1
0,1,0,0,7,0
0,1,1,0,7,1
0,1,0,1,8,1
0,1,0,0,8,0
0,1,1,0,9,1
1,1,1,0,9,0
0,1,0,1,10,1
1,1,0,1,10,0
0,1,0,1,11,1
0,1,1,0,11,0
0,1,0,0,12,0
0,1,0,1,12,1
1,1,0,1,13,1
1,1,1,0,13,0
1,1,0,1,14,1
1,1,0,0,14,0
1,1,1,0,15,1
1,1,0,0,15,0
0,1,0,0,16,0
0,1,1,0,16,1
0,1,1,0,17,1
1,1,1,0,17,0
1,1,0,1,18,1
1,1,0,0,18,0
0,1,0,0,19,0
0,1,0,1,19,1
0,1,0,1,20,0
1,1,0,1,20,1
0,1,0,1,21,0
0,1,1,0,21,1
1,1,1,0,22,1
1,1,0,1,22,0
1,1,0,0,23,0
1,1,1,0,23,1
1,1,0,0,24,1
0,1,0,0,24,0
1,1,0,1,25,1
1,1,0,0,25,0
0,1,0,1,26,1
0,1,0,0,26,0
0,1,0,0,27,0
0,1,1,0,27,1
0,1,1,0,28,0
0,1,0,1,28,1
1,1,1,0,29,0
1,1,0,1,29,1
0,1,0,0,30,0
1,1,0,0,30,1
0,1,1,0,31,0
1,1,1,0,31,1
0,1,0,1,32,0
1,1,0,1,32,1
1,1,1,0,33,1
1,1,0,0,33,0
0,1,1,0,34,0
0,1,0,1,34,1
0,1,0,1,35,0
1,1,0,1,35,1
0,1,0,0,36,0
1,1,0,0,36,1
0,1,0,0,37,1
0,1,1,0,37,0
1,1,0,1,38,1
1,1,1,0,38,0
1,1,0,0,39,0
1,1,0,1,39,1
1,1,0,1,40,0
0,1,0,1,40,1
1,1,0,1,41,1
1,1,1,0,41,0
0,1,0,0,42,0
0,1,1,0,42,1
1,1,1,0,43,0
1,1,0,0,43,1
0,1,1,0,44,0
1,1,1,0,44,1
0,1,0,0,45,1
1,1,0,0,45,0
0,1,0,0,46,0
0,1,0,1,46,1
1,1,0,1,47,1
1,1,0,0,47,0
0,1,0,0,48,0
0,1,1,0,48,1
1,1,0,0,49,0
1,1,1,0,49,1
1,1,0,0,50,1
0,1,0,0,50,0
1,1,0,1,51,1
0,1,0,1,51,0
0,1,1,0,52,1
0,1,0,1,52,0
0,1,0,0,53,0
0,1,0,1,53,1
0,1,1,0,54,0
1,1,1,0,54,1
0,1,0,1,55,1
0,1,1,0,55,0
1,1,1,0,56,1
1,1,0,0,56,0
0,1,0,0,57,0
0,1,0,1,57,1
1,1,0,1,58,1
1,1,1,0,58,0
0,1,1,0,59,0
1,1,1,0,59,1
1,1,0,1,60,1
1,1,0,0,60,0
0,1,1,0,61,1
0,1,0,0,61,0
0,1,0,0,62,0
1,1,0,0,62,1
0,1,0,1,63,1
1,1,0,1,63,0
0,1,1,0,64,1
0,1,0,1,64,0
1,1,1,0,65,1
1,1,0,0,65,0
1,1,1,0,66,1
0,1,1,0,66,0
0,1,0,0,67,1
1,1,0,0,67,0
0,1,0,0,68,0
0,1,0,1,68,1
0,1,1,0,69,1
0,1,0,0,69,0
1,1,0,1,70,1
1,1,1,0,70,0
1,1,0,0,71,0
1,1,0,1,71,1
0,1,0,1,72,1
0,1,0,0,72,0
1,1,0,1,73,1
0,1,0,1,73,0
1,1,1,0,74,1
0,1,1,0,74,0
0,1,1,0,75,0
0,1,0,1,75,1
1,1,0,0,76,1
1,1,1,0,76,0
0,1,0,0,77,0
1,1,0,0,77,1
0,1,0,0,78,1
0,1,1,0,78,0
1,1,1,0,79,0
1,1,0,1,79,1
1,1,0,1,80,1
1,1,0,0,80,0
1,1,0,1,81,1
0,1,0,1,81,0
0,1,0,0,82,0
0,1,1,0,82,1
1,1,0,1,83,1
1,1,1,0,83,0
0,1,1,0,84,0
0,1,0,1,84,1
1,1,0,0,85,0
1,1,0,1,85,1
1,1,1,0,86,1
0,1,1,0,86,0
1,1,1,0,87,1
1,1,0,0,87,0
0,1,0,1,88,1
0,1,0,0,88,0
1,1,0,0,89,0
1,1,1,0,89,1
1,1,0,1,90,1
1,1,1,0,90,0
0,1,0,1,91,1
0,1,1,0,91,0
1,1,1,0,92,1
0,1,1,0,92,0
0,1,0,0,93,0
1,1,0,0,93,1
0,1,0,1,94,1
0,1,0,0,94,0
0,1,0,1,95,0
1,1,0,1,95,1
1,1,0,0,96,0
1,1,0,1,96,1
1,1,1,0,97,0
1,1,0,1,97,1
1,1,1,0,98,1
0,1,1,0,98,0
0,1,0,0,99,0
1,1,0,0,99,1
0,1,1,0,100,1
0,1,0,0,100,0
1,1,0,0,101,0
1,1,0,1,101,1
1,1,0,1,102,1
0,1,0,1,102,0
0,1,0,1,103,1
0,1,1,0,103,0
0,1,0,0,104,0
0,1,0,1,104,1
0,1,1,0,105,0
0,1,0,1,105,1
1,1,1,0,106,0
1,1,0,1,106,1
1,1,1,0,107,0
1,1,0,0,107,1
0,1,0,0,108,0
0,1,1,0,108,1
1,1,0,0,109,0
1,1,0,1,109,1
0,1,0,0,110,0
1,1,0,0,110,1
0,1,0,1,111,0
1,1,0,1,111,1
1,1,1,0,112,1
1,1,0,0,112,0
1,1,0,0,113,0
0,1,0,0,113,1
1,1,0,1,114,1
0,1,0,1,114,0
0,1,0,0,115,0
0,1,0,1,115,1
0,1,1,0,116,0
0,1,0,1,116,1
0,1,0,0,117,1
0,1,1,0,117,0
1,1,1,0,118,0
0,1,1,0,118,1
1,1,0,0,119,1
1,1,1,0,119,0
0,1,1,0,120,0
1,1,1,0,120,1
0,1,0,1,121,1
0,1,1,0,121,0
0,1,0,0,122,1
0,1,1,0,122,0
1,1,0,1,123,1
1,1,0,0,123,0
0,1,0,0,124,1
1,1,0,0,124,0
1,1,0,1,125,1
1,1,1,0,125,0
0,1,0,0,126,0
0,1,0,1,126,1
0,1,1,0,127,0
1,1,1,0,127,1
1,1,1,0,128,0
1,1,0,0,128,1
1,1,0,1,129,1
1,1,0,0,129,0
1,1,0,1,130,1
0,1,0,1,130,0
0,1,0,0,131,0
1,1,0,0,131,1
1,1,0,1,132,1
1,1,1,0,132,0
0,1,0,1,133,1
0,1,0,0,133,0
0,1,0,1,134,1
0,1,1,0,134,0
0,1,1,0,135,1
0,1,0,0,135,0
0,1,0,1,136,1
1,1,0,1,136,0
0,1,1,0,137,0
0,1,0,1,137,1
1,1,1,0,138,1
0,1,1,0,138,0
1,1,1,0,139,0
1,1,0,1,139,1
0,1,0,0,140,0
1,1,0,0,140,1
0,1,0,0,141,1
0,1,1,0,141,0
0,1,0,0,142,0
0,1,0,1,142,1
1,1,0,0,143,0
1,1,0,1,143,1
1,1,1,0,144,0
1,1,0,0,144,1
0,1,1,0,145,0
0,1,0,1,145,1
1,1,0,1,146,1
1,1,0,0,146,0
0,1,0,0,147,0
0,1,1,0,147,1
1,1,1,0,148,1
1,1,0,0,148,0
0,1,0,1,149,1
0,1,0,0,149,0
1,1,0,1,150,1
0,1,0,1,150,0
1,1,0,1,151,1
1,1,1,0,151,0
0,1,1,0,152,0
1,1,1,0,152,1
1,1,0,1,153,1
1,1,0,0,153,0
1,1,1,0,154,1
1,1,0,0,154,0
1,1,0,1,155,1
0,1,0,1,155,0
1,1,1,0,156,0
0,1,1,0,156,1
1,1,1,0,157,0
1,1,0,1,157,1
0,1,0,1,158,1
0,1,1,0,158,0
0,1,0,0,159,0
1,1,0,0,159,1
0,1,0,1,160,1
0,1,0,0,160,0
1,1,0,0,161,1
0,1,0,0,161,0
1,1,1,0,162,1
0,1,1,0,162,0
1,1,1,0,163,0
1,1,0,1,163,1
0,1,1,0,164,1
0,1,0,0,164,0
1,1,0,1,165,0
0,1,0,1,165,1
0,1,0,0,166,0
0,1,0,1,166,1
1,1,0,1,167,1
1,1,0,0,167,0
0,1,1,0,168,0
0,1,0,1,168,1
1,1,0,1,169,1
1,1,0,0,169,0
0,1,0,0,170,0
0,1,1,0,170,1
1,1,0,0,171,1
0,1,0,0,171,0
1,1,0,1,172,1
0,1,0,1,172,0
0,1,0,1,173,1
0,1,0,0,173,0
1,1,0,0,174,0
1,1,1,0,174,1
1,1,1,0,175,1
0,1,1,0,175,0
1,1,1,0,176,0
1,1,0,1,176,1
0,1,0,1,177,1
0,1,1,0,177,0
1,1,0,0,178,0
1,1,1,0,178,1
0,1,1,0,179,0
0,1,0,1,179,1
1,1,0,1,180,1
1,1,1,0,180,0
0,1,1,0,181,0
1,1,1,0,181,1
0,1,0,1,182,0
1,1,0,1,182,1
0,1,0,1,183,1
0,1,0,0,183,0
1,1,0,1,184,1
1,1,0,0,184,0
0,1,0,0,185,0
0,1,1,0,185,1
0,1,1,0,186,1
0,1,0,1,186,0
1,1,0,1,187,0
1,1,1,0,187,1
0,1,0,1,188,0
1,1,0,1,188,1
1,1,1,0,189,1
0,1,1,0,189,0
1,1,1,0,190,1
1,1,0,0,190,0
0,1,0,0,191,0
1,1,0,0,191,1
1,1,0,1,192,1
1,1,0,0,192,0
0,1,0,0,193,0
0,1,0,1,193,1
1,1,0,1,194,1
1,1,1,0,194,0
0,1,1,0,195,1
1,1,1,0,195,0
0,1,0,0,196,0
0,1,1,0,196,1
1,1,0,0,197,1
0,1,0,0,197,0
0,1,0,1,198,1
0,1,1,0,198,0
1,1,0,1,199,1
1,1,0,0,199,0
0,1,0,0,200,0
0,1,0,1,200,1
0,1,0,1,201,0
1,1,0,1,201,1
0,1,0,0,202,0
1,1,0,0,202,1
1,1,0,0,203,0
1,1,0,1,203,1
0,1,0,1,204,1
0,1,1,0,204,0
1,1,0,1,205,1
1,1,1,0,205,0
0,1,0,1,206,0
1,1,0,1,206,1
1,1,1,0,207,1
1,1,0,0,207,0
0,1,1,0,208,1
0,1,0,0,208,0
1,1,0,1,209,1
1,1,1,0,209,0
0,1,0,0,210,0
0,1,1,0,210,1
0,1,0,0,211,1
1,1,0,0,211,0
1,1,0,1,212,1
1,1,0,0,212,0
0,1,1,0,213,1
1,1,1,0,213,0
1,1,0,0,214,0
1,1,1,0,214,1
0,1,0,1,215,1
0,1,0,0,215,0
1,1,0,1,216,0
0,1,0,1,216,1
1,1,0,0,217,1
0,1,0,0,217,0
1,1,0,1,218,1
0,1,0,1,218,0
0,1,0,1,219,1
0,1,0,0,219,0
0,1,1,0,220,0
1,1,1,0,220,1
0,1,0,0,221,0
0,1,1,0,221,1
0,1,0,1,222,1
0,1,1,0,222,0
1,1,1,0,223,1
1,1,0,0,223,0
0,1,0,0,224,0
0,1,0,1,224,1
0,1,1,0,225,0
1,1,1,0,225,1
0,1,0,0,226,0
0,1,1,0,226,1
1,1,0,1,227,1
1,1,0,0,227,0
1,1,0,0,228,0
1,1,1,0,228,1
0,1,0,0,229,0
1,1,0,0,229,1
1,1,0,1,230,1
1,1,1,0,230,0
0,1,0,1,231,1
0,1,1,0,231,0
0,1,1,0,232,1
0,1,0,0,232,0
1,1,0,1,233,1
0,1,0,1,233,0
1,1,1,0,234,0
1,1,0,1,234,1
0,1,1,0,235,0
0,1,0,1,235,1
0,1,0,0,236,0
0,1,0,1,236,1
0,1,1,0,237,0
1,1,1,0,237,1
1,1,0,0,238,0
1,1,1,0,238,1
1,1,0,0,239,1
0,1,0,0,239,0
1,1,0,1,240,1
1,1,0,0,240,0
1,1,1,0,241,0
1,1,0,1,241,1
1,1,1,0,242,1
0,1,1,0,242,0
0,1,0,0,243,0
0,1,1,0,243,1
0,1,0,1,244,1
0,1,1,0,244,0
0,1,0,0,245,0
1,1,0,0,245,1
1,1,0,0,246,0
1,1,1,0,246,1
0,1,0,0,247,0
0,1,0,1,247,1
1,1,0,0,248,0
1,1,0,1,248,1
1,1,0,1,249,1
0,1,0,1,249,0
1,1,1,0,250,0
1,1,0,1,250,1
1,1,0,0,251,0
1,1,1,0,251,1
0,1,0,0,252,0
0,1,0,1,252,1
0,1,0,0,253,0
0,1,1,0,253,1
1,1,0,1,254,0
0,1,0,1,254,1
1,1,1,0,255,1
0,1,1,0,255,0
0,1,0,1,256,1
0,1,1,0,256,0
1,1,0,1,257,1
1,1,0,0,257,0
0,1,1,0,258,1
1,1,1,0,258,0
0,1,0,1,259,1
0,1,0,0,259,0
1,1,0,0,260,1
1,1,1,0,260,0
0,1,0,1,261,1
1,1,0,1,261,0
0,1,0,1,262,1
0,1,1,0,262,0
1,1,0,1,263,1
1,1,0,0,263,0
1,1,0,0,264,0
0,1,0,0,264,1
1,1,0,1,265,1
1,1,1,0,265,0
1,1,0,1,266,1
1,1,0,0,266,0
1,1,1,0,267,1
0,1,1,0,267,0
0,1,1,0,268,1
0,1,0,0,268,0
1,1,0,1,269,0
1,1,1,0,269,1
0,1,0,1,270,0
0,1,1,0,270,1
0,1,0,1,271,1
0,1,0,0,271,0
1,1,0,0,272,1
0,1,0,0,272,0
0,1,0,1,273,0
1,1,0,1,273,1
0,1,0,0,274,0
1,1,0,0,274,1
1,1,1,0,275,1
1,1,0,0,275,0
0,1,0,1,276,0
1,1,0,1,276,1
1,1,0,1,277,1
1,1,0,0,277,0
1,1,0,1,278,1
1,1,1,0,278,0
0,1,0,0,279,0
0,1,1,0,279,1
0,1,0,1,280,1
0,1,1,0,280,0
1,1,0,1,281,1
1,1,1,0,281,0
1,1,1,0,282,0
1,1,0,0,282,1
0,1,1,0,283,0
1,1,1,0,283,1
0,1,0,0,284,0
0,1,1,0,284,1
1,1,0,0,285,0
1,1,0,1,285,1
0,1,0,0,286,0
1,1,0,0,286,1
0,1,0,1,287,0
1,1,0,1,287,1
0,1,0,0,288,0
0,1,0,1,288,1
0,1,0,0,289,0
0,1,0,1,289,1
0,1,1,0,290,1
1,1,1,0,290,0
0,1,1,0,291,1
0,1,0,0,291,0
0,1,0,0,292,1
1,1,0,0,292,0
1,1,0,1,293,1
0,1,0,1,293,0
1,1,1,0,294,1
1,1,0,0,294,0
0,1,0,1,295,1
0,1,1,0,295,0
1,1,1,0,296,1
0,1,1,0,296,0
1,1,1,0,297,1
1,1,0,0,297,0
1,1,0,1,298,1
1,1,1,0,298,0
0,1,0,0,299,0
1,1,0,0,299,1
0,1,1,0,300,1
0,1,0,0,300,0
0,1,0,0,301,0
0,1,0,1,301,1
1,1,0,1,302,1
1,1,0,0,302,0
0,1,0,1,303,1
0,1,1,0,303,0
1,1,1,0,304,1
1,1,0,0,304,0
0,1,0,0,305,0
1,1,0,0,305,1
1,1,1,0,306,1
0,1,1,0,306,0
0,1,0,1,307,1
0,1,1,0,307,0
0,1,0,1,308,1
0,1,0,0,308,0
1,1,0,1,309,1
0,1,0,1,309,0
1,1,0,1,310,1
1,1,0,0,310,0
1,1,0,1,311,1
1,1,1,0,311,0
0,1,0,0,312,0
0,1,1,0,312,1
0,1,0,1,313,0
1,1,0,1,313,1
0,1,0,0,314,0
0,1,1,0,314,1
1,1,1,0,315,1
0,1,1,0,315,0
0,1,0,0,316,0
0,1,0,1,316,1
1,1,1,0,317,1
1,1,0,0,317,0
0,1,0,0,318,0
1,1,0,0,318,1
1,1,0,1,319,1
1,1,1,0,319,0
0,1,1,0,320,0
0,1,0,1,320,1
1,1,0,0,321,0
1,1,0,1,321,1
0,1,0,0,322,0
0,1,1,0,322,1
1,1,1,0,323,0
1,1,0,1,323,1
1,1,0,1,324,0
0,1,0,1,324,1
0,1,0,1,325,1
0,1,0,0,325,0
1,1,0,1,326,1
1,1,0,0,326,0
0,1,1,0,327,0
1,1,1,0,327,1
0,1,1,0,328,0
0,1,0,1,328,1
1,1,0,0,329,0
1,1,1,0,329,1
0,1,0,0,330,0
0,1,0,1,330,1
1,1,1,0,331,1
0,1,1,0,331,0
0,1,0,0,332,0
1,1,0,0,332,1
0,1,0,1,333,1
1,1,0,1,333,0
1,1,0,1,334,1
1,1,1,0,334,0
1,1,0,0,335,0
1,1,0,1,335,1
0,1,1,0,336,0
0,1,0,1,336,1
1,1,1,0,337,1
1,1,0,0,337,0
1,1,1,0,338,0
1,1,0,1,338,1
0,1,0,1,339,1
0,1,0,0,339,0
0,1,1,0,340,1
0,1,0,0,340,0
1,1,0,1,341,1
1,1,0,0,341,0
1,1,0,0,342,1
0,1,0,0,342,0
0,1,1,0,343,0
1,1,1,0,343,1
0,1,0,1,344,0
1,1,0,1,344,1
0,1,0,1,345,1
0,1,1,0,345,0
0,1,0,1,346,1
0,1,1,0,346,0
1,1,0,1,347,1
1,1,1,0,347,0
1,1,0,0,348,1
0,1,0,0,348,0
0,1,0,0,349,0
0,1,1,0,349,1
0,1,0,1,350,0
1,1,0,1,350,1
1,1,0,1,351,1
1,1,0,0,351,0
1,1,0,0,352,0
1,1,1,0,352,1
1,1,0,0,353,0
1,1,1,0,353,1
1,1,1,0,354,0
1,1,0,1,354,1
0,1,0,0,355,0
0,1,1,0,355,1
0,1,0,0,356,0
1,1,0,0,356,1
0,1,1,0,357,0
1,1,1,0,357,1
0,1,0,1,358,0
1,1,0,1,358,1
0,1,0,0,359,0
0,1,0,1,359,1
1,1,0,0,360,0
1,1,0,1,360,1
1,1,0,1,361,1
0,1,0,1,361,0
0,1,0,0,362,0
0,1,1,0,362,1
0,1,0,0,363,1
1,1,0,0,363,0
0,1,0,1,364,1
0,1,0,0,364,0
1,1,1,0,365,1
1,1,0,0,365,0
0,1,1,0,366,0
0,1,0,1,366,1
1,1,1,0,367,1
0,1,1,0,367,0
1,1,0,0,368,0
1,1,1,0,368,1
1,1,1,0,369,0
1,1,0,1,369,1
0,1,0,0,370,0
0,1,1,0,370,1
0,1,0,0,371,0
1,1,0,0,371,1
0,1,1,0,372,1
1,1,1,0,372,0
0,1,0,1,373,1
1,1,0,1,373,0
0,1,0,0,374,0
0,1,0,1,374,1
1,1,0,0,375,0
1,1,0,1,375,1
1,1,1,0,376,0
1,1,0,1,376,1
0,1,0,0,377,0
1,1,0,0,377,1
0,1,0,0,378,0
0,1,1,0,378,1
0,1,0,1,379,0
1,1,0,1,379,1
0,1,1,0,380,0
0,1,0,1,380,1
0,1,0,1,381,1
0,1,0,0,381,0
1,1,0,0,382,0
1,1,0,1,382,1
1,1,0,0,383,0
1,1,1,0,383,1
1,1,1,0,384,1
0,1,1,0,384,0
1,1,0,1,385,0
1,1,1,0,385,1
0,1,0,0,386,1
0,1,1,0,386,0
1,1,0,1,387,0
0,1,0,1,387,1
0,1,0,0,388,0
0,1,0,1,388,1
1,1,0,0,389,1
0,1,0,0,389,0
0,1,1,0,390,0
0,1,0,1,390,1
0,1,1,0,391,0
1,1,1,0,391,1
1,1,1,0,392,1
1,1,0,0,392,0
1,1,0,1,393,1
1,1,0,0,393,0
0,1,0,0,394,0
0,1,0,1,394,1
1,1,0,0,395,0
1,1,0,1,395,1
1,1,0,1,396,1
0,1,0,1,396,0
0,1,0,1,397,1
0,1,1,0,397,0
1,1,1,0,398,1
0,1,1,0,398,0
1,1,0,0,399,0
1,1,1,0,399,1
0,1,0,0,400,0
0,1,1,0,400,1
1,1,0,1,401,1
1,1,1,0,401,0
1,1,0,1,402,1
1,1,0,0,402,0
0,1,0,0,403,0
0,1,0,1,403,1
1,1,1,0,404,1
0,1,1,0,404,0
1,1,0,1,405,1
0,1,0,1,405,0
1,1,0,0,406,0
1,1,1,0,406,1
1,1,0,1,407,0
1,1,1,0,407,1
0,1,0,0,408,0
1,1,0,0,408,1
0,1,0,1,409,1
0,1,1,0,409,0
0,1,1,0,410,0
0,1,0,1,410,1
1,1,0,0,411,1
0,1,0,0,411,0
0,1,1,0,412,1
0,1,0,0,412,0
0,1,0,0,413,0
0,1,0,1,413,1
1,1,0,1,414,1
0,1,0,1,414,0
1,1,0,1,415,1
1,1,1,0,415,0
0,1,1,0,416,0
1,1,1,0,416,1
1,1,0,1,417,1
1,1,0,0,417,0
1,1,0,1,418,1
1,1,0,0,418,0
1,1,1,0,419,0
1,1,0,1,419,1
0,1,0,0,420,1
1,1,0,0,420,0
0,1,1,0,421,1
0,1,0,0,421,0
1,1,0,0,422,1
1,1,1,0,422,0
1,1,0,1,423,1
0,1,0,1,423,0
0,1,0,1,424,1
0,1,1,0,424,0
1,1,0,1,425,1
0,1,0,1,425,0
1,1,1,0,426,1
0,1,1,0,426,0
1,1,1,0,427,0
1,1,0,1,427,1
1,1,1,0,428,1
1,1,0,0,428,0
0,1,1,0,429,1
0,1,0,0,429,0
0,1,0,0,430,0
0,1,0,1,430,1
1,1,0,0,431,0
1,1,0,1,431,1
0,1,0,0,432,0
1,1,0,0,432,1
1,1,1,0,433,0
0,1,1,0,433,1
0,1,1,0,434,0
0,1,0,1,434,1
0,1,0,1,435,1
0,1,0,0,435,0
0,1,0,0,436,0
0,1,1,0,436,1
1,1,0,0,437,1
0,1,0,0,437,0
1,1,0,1,438,0
0,1,0,1,438,1
1,1,0,0,439,0
1,1,1,0,439,1
1,1,0,0,440,0
1,1,1,0,440,1
1,1,1,0,441,0
1,1,0,1,441,1
0,1,1,0,442,0
1,1,1,0,442,1
1,1,0,0,443,0
1,1,0,1,443,1
0,1,1,0,444,0
0,1,0,1,444,1
0,1,0,0,445,0
1,1,0,0,445,1
0,1,0,1,446,1
0,1,0,0,446,0
0,1,1,0,447,1
0,1,0,0,447,0
0,1,0,0,448,0
0,1,1,0,448,1
1,1,0,0,449,0
1,1,0,1,449,1
1,1,1,0,450,1
1,1,0,0,450,0
0,1,0,1,451,1
0,1,0,0,451,0
0,1,1,0,452,0
1,1,1,0,452,1
0,1,1,0,453,0
0,1,0,1,453,1
0,1,0,0,454,1
1,1,0,0,454,0
1,1,0,1,455,1
1,1,1,0,455,0
0,1,0,1,456,1
1,1,0,1,456,0
0,1,1,0,457,1
0,1,0,0,457,0
0,1,0,1,458,0
1,1,0,1,458,1
1,1,1,0,459,0
1,1,0,1,459,1
0,1,0,1,460,1
0,1,1,0,460,0
1,1,0,1,461,1
1,1,0,0,461,0
0,1,0,1,462,1
0,1,0,0,462,0
1,1,0,0,463,0
0,1,0,0,463,1
1,1,1,0,464,1
1,1,0,0,464,0
0,1,1,0,465,0
1,1,1,0,465,1
1,1,0,1,466,1
1,1,1,0,466,0
0,1,0,0,467,0
0,1,0,1,467,1
1,1,0,1,468,1
1,1,0,0,468,0
0,1,1,0,469,1
0,1,0,0,469,0
0,1,1,0,470,0
0,1,0,1,470,1
1,1,1,0,471,1
0,1,1,0,471,0
0,1,0,1,472,0
1,1,0,1,472,1
1,1,0,0,473,1
1,1,1,0,473,0
0,1,0,1,474,1
0,1,1,0,474,0
1,1,0,0,475,0
1,1,0,1,475,1
1,1,1,0,476,0
1,1,0,1,476,1
0,1,1,0,477,1
1,1,1,0,477,0
1,1,0,0,478,0
1,1,1,0,478,1
1,1,0,1,479,0
0,1,0,1,479,1
0,1,0,1,480,1
0,1,0,0,480,0
1,1,0,0,481,1
0,1,0,0,481,0
0,1,0,0,482,0
0,1,1,0,482,1
1,1,0,1,483,1
1,1,1,0,483,0
0,1,1,0,484,0
0,1,0,1,484,1
1,1,0,1,485,1
0,1,0,1,485,0
1,1,0,0,486,1
0,1,0,0,486,0
1,1,0,0,487,0
1,1,0,1,487,1
0,1,0,1,488,1
0,1,0,0,488,0
0,1,1,0,489,0
1,1,1,0,489,1
1,1,0,0,490,1
0,1,0,0,490,0
1,1,0,1,491,1
1,1,0,0,491,0
1,1,0,1,492,1
1,1,1,0,492,0
0,1,1,0,493,0
0,1,0,1,493,1
1,1,1,0,494,1
1,1,0,0,494,0
0,1,1,0,495,1
0,1,0,0,495,0
1,1,0,1,496,1
0,1,0,1,496,0
0,1,1,0,497,0
1,1,1,0,497,1
0,1,0,1,498,1
0,1,0,0,498,0
0,1,0,0,499,0
0,1,1,0,499,1
1,1,0,0,500,1
0,1,0,0,500,0
1,1,0,1,501,1
0,1,0,1,501,0
1,1,1,0,502,1
1,1,0,1,502,0
1,1,0,1,503,1
1,1,0,0,503,0
1,1,1,0,504,1
1,1,0,0,504,0
0,1,1,0,505,1
0,1,0,1,505,0
0,1,0,0,506,0
1,1,0,0,506,1
1,1,1,0,507,1
1,1,0,0,507,0
0,1,0,1,508,1
0,1,0,0,508,0
0,1,0,0,509,0
0,1,1,0,509,1
0,1,0,1,510,0
1,1,0,1,510,1
0,1,1,0,511,0
1,1,1,0,511,1
1,1,0,0,512,0
1,1,0,1,512,1
1,1,1,0,513,1
1,1,0,0,513,0
0,1,1,0,514,0
0,1,0,1,514,1
0,1,0,0,515,0
0,1,0,1,515,1
0,1,0,0,516,1
0,1,1,0,516,0
1,1,0,1,517,1
1,1,1,0,517,0
1,1,0,0,518,1
0,1,0,0,518,0
0,1,1,0,519,0
1,1,1,0,519,1
0,1,0,0,520,0
0,1,0,1,520,1
0,1,0,0,521,0
1,1,0,0,521,1
1,1,1,0,522,1
1,1,0,0,522,0
1,1,0,1,523,1
0,1,0,1,523,0
0,1,1,0,524,1
0,1,0,0,524,0
1,1,0,0,525,0
1,1,0,1,525,1
1,1,1,0,526,1
0,1,1,0,526,0
0,1,1,0,527,0
0,1,0,1,527,1
1,1,1,0,528,0
1,1,0,1,528,1
0,1,1,0,529,0
1,1,1,0,529,1
0,1,0,0,530,0
0,1,1,0,530,1
0,1,0,1,531,1
0,1,1,0,531,0
1,1,0,1,532,1
0,1,0,1,532,0
0,1,0,1,533,1
0,1,0,0,533,0
1,1,1,0,534,0
1,1,0,1,534,1
1,1,0,0,535,0
1,1,0,1,535,1
1,1,0,0,536,1
0,1,0,0,536,0
1,1,1,0,537,1
1,1,0,0,537,0
0,1,0,1,538,0
1,1,0,1,538,1
1,1,0,0,539,0
1,1,1,0,539,1
0,1,0,1,540,0
0,1,1,0,540,1
0,1,0,0,541,0
0,1,1,0,541,1
1,1,1,0,542,0
0,1,1,0,542,1
1,1,1,0,543,1
1,1,0,1,543,0
0,1,0,0,544,0
0,1,0,1,544,1
1,1,0,0,545,0
1,1,0,1,545,1
1,1,0,1,546,1
1,1,1,0,546,0
0,1,0,0,547,0
0,1,0,1,547,1
1,1,0,0,548,0
1,1,0,1,548,1
1,1,0,0,549,1
0,1,0,0,549,0
0,1,1,0,550,0
0,1,0,1,550,1
1,1,0,1,551,0
0,1,0,1,551,1
1,1,0,0,552,0
1,1,1,0,552,1
0,1,1,0,553,1
1,1,1,0,553,0
0,1,0,0,554,0
1,1,0,0,554,1
1,1,0,1,555,1
1,1,0,0,555,0
1,1,1,0,556,1
0,1,1,0,556,0
1,1,0,1,557,1
0,1,0,1,557,0
0,1,0,0,558,0
0,1,1,0,558,1
0,1,0,1,559,1
0,1,1,0,559,0
0,1,0,1,560,1
0,1,0,0,560,0
1,1,1,0,561,0
1,1,0,1,561,1
1,1,1,0,562,1
1,1,0,0,562,0
0,1,0,1,563,0
0,1,1,0,563,1
1,1,1,0,564,0
1,1,0,1,564,1
1,1,0,1,565,0
0,1,0,1,565,1
1,1,0,0,566,0
0,1,0,0,566,1
0,1,0,0,567,1
0,1,1,0,567,0
1,1,0,0,568,0
1,1,0,1,568,1
1,1,1,0,569,1
1,1,0,0,569,0
1,1,0,1,570,1
1,1,0,0,570,0
0,1,0,1,571,0
1,1,0,1,571,1
0,1,0,0,572,0
0,1,1,0,572,1
0,1,0,0,573,0
1,1,0,0,573,1
1,1,1,0,574,1
0,1,1,0,574,0
0,1,0,1,575,1
0,1,0,0,575,0
1,1,1,0,576,0
1,1,0,1,576,1
0,1,0,0,577,0
0,1,0,1,577,1
1,1,0,0,578,0
1,1,1,0,578,1
0,1,0,0,579,0
1,1,0,0,579,1
1,1,1,0,580,0
0,1,1,0,580,1
0,1,1,0,581,1
0,1,0,0,581,0
0,1,0,1,582,0
1,1,0,1,582,1
0,1,0,1,583,1
0,1,1,0,583,0
1,1,0,0,584,0
1,1,0,1,584,1
0,1,0,0,585,0
0,1,1,0,585,1
0,1,0,1,586,1
0,1,1,0,586,0
1,1,0,0,587,0
1,1,1,0,587,1
1,1,1,0,588,0
1,1,0,1,588,1
1,1,0,0,589,1
0,1,0,0,589,0
0,1,0,1,590,1
0,1,0,0,590,0
1,1,1,0,591,1
0,1,1,0,591,0
0,1,0,0,592,1
1,1,0,0,592,0
1,1,0,1,593,1
1,1,1,0,593,0
1,1,0,0,594,0
1,1,0,1,594,1
1,1,1,0,595,1
1,1,0,0,595,0
0,1,0,0,596,0
0,1,0,1,596,1
1,1,0,1,597,0
0,1,0,1,597,1
1,1,1,0,598,1
0,1,1,0,598,0
0,1,1,0,599,1
0,1,0,0,599,0
0,1,0,1,600,0
0,1,1,0,600,1
1,1,1,0,601,0
0,1,1,0,601,1
1,1,0,1,602,1
1,1,1,0,602,0
0,1,0,1,603,0
0,1,1,0,603,1
0,1,0,0,604,0
0,1,1,0,604,1
0,1,0,1,605,1
0,1,0,0,605,0
1,1,0,0,606,0
1,1,0,1,606,1
1,1,0,0,607,0
1,1,1,0,607,1
1,1,0,0,608,1
0,1,0,0,608,0
0,1,0,1,609,0
1,1,0,1,609,1
1,1,0,1,610,1
1,1,1,0,610,0
1,1,0,1,611,1
0,1,0,1,611,0
0,1,0,1,612,1
0,1,0,0,612,0
0,1,0,0,613,0
0,1,1,0,613,1
1,1,0,1,614,1
1,1,0,0,614,0
1,1,0,0,615,0
1,1,1,0,615,1
1,1,1,0,616,0
0,1,1,0,616,1
0,1,1,0,617,0
0,1,0,1,617,1
0,1,1,0,618,0
1,1,1,0,618,1
1,1,0,0,619,0
1,1,0,1,619,1
0,1,0,1,620,1
0,1,0,0,620,0
1,1,1,0,621,0
1,1,0,1,621,1
0,1,1,0,622,0
0,1,0,1,622,1
0,1,0,1,623,0
1,1,0,1,623,1
1,1,0,0,624,1
0,1,0,0,624,0
1,1,1,0,625,1
1,1,0,0,625,0
1,1,0,0,626,0
1,1,0,1,626,1
0,1,1,0,627,0
0,1,0,1,627,1
0,1,0,1,628,0
1,1,0,1,628,1
0,1,0,1,629,1
0,1,0,0,629,0
0,1,0,0,630,0
0,1,1,0,630,1
1,1,0,0,631,1
0,1,0,0,631,0
1,1,1,0,632,0
1,1,0,1,632,1
1,1,1,0,633,1
0,1,1,0,633,0
1,1,0,0,634,1
1,1,1,0,634,0
0,1,1,0,635,0
0,1,0,1,635,1
1,1,1,0,636,0
1,1,0,1,636,1
1,1,0,1,637,1
1,1,0,0,637,0
0,1,0,0,638,0
0,1,1,0,638,1
0,1,0,0,639,0
1,1,0,0,639,1
0,1,0,1,640,1
1,1,0,1,640,0
0,1,0,1,641,1
0,1,0,0,641,0
1,1,0,1,642,1
1,1,1,0,642,0
1,1,0,1,643,1
0,1,0,1,643,0
1,1,0,0,644,0
1,1,0,1,644,1
0,1,1,0,645,1
0,1,0,0,645,0
1,1,1,0,646,1
1,1,0,0,646,0
1,1,0,0,647,1
0,1,0,0,647,0
1,1,1,0,648,1
0,1,1,0,648,0
0,1,0,0,649,0
0,1,0,1,649,1
0,1,0,1,650,1
0,1,1,0,650,0
1,1,0,0,651,0
1,1,1,0,651,1
0,1,0,0,652,1
0,1,1,0,652,0
1,1,0,1,653,1
0,1,0,1,653,0
1,1,0,0,654,1
0,1,0,0,654,0
1,1,1,0,655,1
0,1,1,0,655,0
0,1,0,1,656,1
0,1,0,0,656,0
1,1,0,1,657,1
1,1,1,0,657,0
0,1,1,0,658,0
0,1,0,0,658,1
1,1,0,0,659,1
0,1,0,0,659,0
1,1,1,0,660,0
1,1,0,0,660,1
0,1,1,0,661,0
0,1,0,1,661,1
0,1,1,0,662,0
1,1,1,0,662,1
1,1,0,0,663,0
1,1,0,1,663,1
1,1,1,0,664,1
0,1,1,0,664,0
0,1,1,0,665,1
0,1,0,0,665,0
1,1,0,1,666,1
1,1,1,0,666,0
1,1,0,0,667,1
0,1,0,0,667,0
1,1,0,1,668,1
0,1,0,1,668,0
0,1,0,1,669,1
0,1,0,0,669,0
1,1,0,0,670,0
1,1,0,1,670,1
1,1,0,0,671,1
1,1,1,0,671,0
0,1,1,0,672,0
0,1,0,1,672,1
1,1,0,1,673,1
1,1,0,0,673,0
0,1,1,0,674,0
0,1,0,1,674,1
1,1,1,0,675,1
0,1,1,0,675,0
0,1,0,0,676,0
0,1,0,1,676,1
1,1,0,1,677,1
1,1,1,0,677,0
1,1,0,0,678,0
1,1,1,0,678,1
1,1,0,0,679,1
0,1,0,0,679,0
0,1,0,0,680,0
0,1,1,0,680,1
0,1,0,1,681,1
1,1,0,1,681,0
0,0,1,0,682,1
0,0,0,0,682,0
1,0,1,0,683,1
1,0,0,0,683,0
1,0,1,0,684,0
1,0,0,1,684,1
0,0,0,0,685,0
1,0,0,0,685,1
1,0,1,0,686,1
1,0,0,0,686,0
0,0,0,1,687,1
1,0,0,1,687,0
0,0,1,0,688,1
0,0,0,0,688,0
0,0,1,0,689,0
0,0,0,1,689,1
0,0,1,0,690,1
0,0,0,1,690,0
0,0,0,0,691,0
1,0,0,0,691,1
0,0,0,1,692,0
1,0,0,1,692,1
1,0,1,0,693,1
1,0,0,0,693,0
1,0,1,0,694,1
1,0,0,1,694,0
0,0,1,0,695,1
0,0,0,0,695,0
1,0,0,0,696,0
1,0,0,1,696,1
1,0,1,0,697,1
1,0,0,0,697,0
0,0,0,0,698,0
0,0,0,1,698,1
0,0,1,0,699,0
1,0,1,0,699,1
0,0,1,0,700,1
0,0,0,0,700,0
0,0,1,0,701,1
0,0,0,0,701,0
0,0,1,0,702,0
1,0,1,0,702,1
0,0,0,1,703,0
1,0,0,1,703,1
1,0,0,0,704,0
1,0,0,1,704,1
0,0,0,0,705,1
1,0,0,0,705,0
0,0,1,0,706,0
0,0,0,1,706,1
1,0,1,0,707,1
1,0,0,0,707,0
1,0,1,0,708,1
1,0,0,0,708,0
0,0,1,0,709,1
0,0,0,0,709,0
0,0,1,0,710,1
1,0,1,0,710,0
0,0,0,1,711,0
1,0,0,1,711,1
0,0,0,0,712,1
1,0,0,0,712,0
0,0,1,0,713,1
0,0,0,0,713,0
0,0,1,0,714,1
0,0,0,0,714,0
1,0,1,0,715,1
1,0,0,0,715,0
1,0,0,0,716,0
1,0,0,1,716,1
1,0,1,0,717,1
1,0,0,0,717,0
0,0,1,0,718,1
0,0,0,0,718,0
0,0,1,0,719,0
0,0,0,1,719,1
0,0,0,0,720,1
1,0,0,0,720,0
0,0,0,0,721,0
0,0,0,1,721,1
0,0,0,1,722,0
1,0,0,1,722,1
0,0,0,1,723,0
1,0,0,1,723,1
0,0,0,0,724,0
0,0,0,1,724,1
0,0,1,0,725,0
0,0,0,0,725,1
0,0,0,0,726,0
1,0,0,0,726,1
0,0,1,0,727,1
0,0,0,0,727,0
0,0,0,1,728,0
1,0,0,1,728,1
0,0,1,0,729,0
0,0,0,1,729,1
0,0,0,1,730,0
1,0,0,1,730,1
0,0,1,0,731,1
1,0,1,0,731,0
0,0,0,0,732,0
1,0,0,0,732,1
0,0,1,0,733,1
0,0,0,0,733,0
1,0,0,0,734,0
1,0,0,1,734,1
0,0,1,0,735,1
1,0,1,0,735,0
0,0,1,0,736,0
0,0,0,1,736,1
0,0,0,0,737,1
1,0,0,0,737,0
0,0,0,1,738,1
1,0,0,1,738,0
0,0,0,0,739,1
1,0,0,0,739,0
0,0,1,0,740,0
0,0,0,1,740,1
0,0,0,1,741,1
1,0,0,1,741,0
1,0,1,0,742,1
1,0,0,0,742,0
0,0,1,0,743,0
1,0,1,0,743,1
1,0,1,0,744,0
1,0,0,0,744,1
1,0,0,0,745,0
1,0,0,1,745,1
0,0,1,0,746,1
1,0,1,0,746,0
0,0,1,0,747,1
0,0,0,0,747,0
0,0,0,0,748,1
1,0,0,0,748,0
1,0,0,0,749,1
1,0,0,1,749,0
0,0,1,0,750,1
1,0,1,0,750,0
1,0,1,0,751,0
1,0,0,1,751,1
0,0,1,0,752,1
0,0,0,0,752,0
0,0,1,0,753,1
0,0,0,0,753,0
0,0,1,0,754,1
0,0,0,0,754,0
0,0,1,0,755,0
0,0,0,0,755,1
1,0,0,0,756,0
1,0,0,1,756,1
1,0,1,0,757,0
1,0,0,1,757,1
0,0,1,0,758,1
0,0,0,0,758,0
0,0,1,0,759,0
1,0,1,0,759,1
0,0,0,0,760,1
0,0,0,1,760,0
0,0,0,0,761,1
1,0,0,0,761,0
0,0,1,0,762,1
0,0,0,0,762,0
0,0,1,0,763,0
1,0,1,0,763,1
1,0,0,0,764,0
1,0,0,1,764,1
1,0,0,0,765,0
1,0,0,1,765,1
0,0,1,0,766,0
0,0,0,1,766,1
1,0,1,0,767,1
1,0,0,0,767,0
0,0,1,0,768,0
0,0,0,1,768,1
0,0,0,0,769,1
0,0,0,1,769,0
0,0,1,0,770,0
0,0,0,1,770,1
0,0,0,0,771,0
0,0,0,1,771,1
0,0,0,1,772,0
1,0,0,1,772,1
0,0,1,0,773,0
1,0,1,0,773,1
0,0,1,0,774,1
0,0,0,0,774,0
1,0,1,0,775,1
1,0,0,0,775,0
0,0,0,1,776,0
1,0,0,1,776,1
1,0,0,0,777,0
1,0,0,1,777,1
0,0,1,0,778,0
0,0,0,1,778,1
0,0,1,0,779,0
1,0,1,0,779,1
1,0,1,0,780,1
1,0,0,0,780,0
0,0,0,0,781,0
1,0,0,0,781,1
0,0,1,0,782,0
1,0,1,0,782,1
1,0,1,0,783,0
1,0,0,0,783,1
1,0,0,0,784,0
1,0,0,1,784,1
0,0,1,0,785,0
0,0,0,1,785,1
0,0,1,0,786,1
1,0,1,0,786,0
0,0,0,1,787,1
1,0,0,1,787,0
1,0,1,0,788,0
1,0,0,0,788,1
1,0,1,0,789,1
1,0,0,0,789,0
0,0,1,0,790,1
0,0,0,0,790,0
0,0,0,0,791,1
1,0,0,0,791,0
0,0,0,0,792,1
1,0,0,0,792,0
1,0,1,0,793,1
1,0,0,0,793,0
0,0,0,0,794,0
1,0,0,0,794,1
1,0,1,0,795,1
1,0,0,0,795,0
0,0,1,0,796,1
1,0,1,0,796,0
0,0,1,0,797,0
0,0,0,1,797,1
1,0,1,0,798,1
1,0,0,0,798,0
0,0,1,0,799,0
1,0,1,0,799,1
0,0,1,0,800,1
0,0,0,0,800,0
0,0,0,1,801,1
1,0,0,1,801,0
0,0,1,0,802,0
0,0,0,0,802,1
0,0,1,0,803,1
0,0,0,0,803,0
0,0,0,0,804,0
1,0,0,0,804,1
0,0,1,0,805,1
0,0,0,0,805,0
0,0,0,0,806,1
1,0,0,0,806,0
1,0,1,0,807,1
1,0,0,0,807,0
0,0,0,0,808,1
1,0,0,0,808,0
1,0,0,0,809,0
1,0,0,1,809,1
0,0,1,0,810,0
1,0,1,0,810,1
0,0,1,0,811,1
0,0,0,0,811,0
0,0,0,1,812,0
1,0,0,1,812,1
0,0,0,0,813,1
1,0,0,0,813,0
0,0,1,0,814,1
1,0,1,0,814,0
0,0,1,0,815,0
1,0,1,0,815,1
1,0,1,0,816,1
1,0,0,0,816,0
1,0,1,0,817,1
1,0,0,0,817,0
0,0,0,1,818,1
1,0,0,1,818,0
1,0,1,0,819,1
1,0,0,0,819,0
0,0,0,0,820,0
0,0,0,1,820,1
0,0,1,0,821,0
1,0,1,0,821,1
1,0,1,0,822,0
1,0,0,0,822,1
1,0,1,0,823,1
1,0,0,0,823,0
0,0,0,0,824,1
1,0,0,0,824,0
1,0,1,0,825,1
1,0,0,0,825,0
0,0,0,1,826,1
1,0,0,1,826,0
1,0,1,0,827,1
1,0,0,0,827,0
0,0,1,0,828,0
1,0,1,0,828,1
1,0,0,0,829,1
1,0,0,1,829,0
0,0,1,0,830,0
0,0,0,1,830,1
0,0,0,1,831,1
1,0,0,1,831,0
0,0,1,0,832,0
0,0,0,1,832,1
0,0,1,0,833,0
0,0,0,1,833,1
1,0,0,0,834,0
1,0,0,1,834,1
0,0,0,1,835,0
1,0,0,1,835,1
0,0,1,0,836,0
0,0,0,0,836,1
1,0,1,0,837,0
1,0,0,1,837,1
0,0,1,0,838,1
0,0,0,0,838,0
0,0,0,1,839,0
1,0,0,1,839,1
0,0,1,0,840,1
0,0,0,0,840,0
0,0,1,0,841,0
0,0,0,0,841,1
0,0,1,0,842,0
0,0,0,0,842,1
0,0,0,1,843,0
1,0,0,1,843,1
0,0,0,0,844,0
0,0,0,1,844,1
1,0,0,0,845,0
1,0,0,1,845,1
0,0,0,1,846,1
1,0,0,1,846,0
1,0,0,0,847,0
1,0,0,1,847,1
0,0,0,0,848,0
1,0,0,0,848,1
1,0,1,0,849,1
1,0,0,0,849,0
0,0,1,0,850,1
0,0,0,0,850,0
0,0,1,0,851,0
0,0,0,0,851,1
0,0,1,0,852,1
0,0,0,1,852,0
0,0,1,0,853,1
0,0,0,0,853,0
1,0,1,0,854,0
1,0,0,0,854,1
1,0,1,0,855,1
1,0,0,0,855,0
0,0,1,0,856,1
1,0,1,0,856,0
1,0,1,0,857,0
1,0,0,0,857,1
0,0,1,0,858,0
0,0,0,0,858,1
0,0,1,0,859,1
0,0,0,0,859,0
0,0,1,0,860,0
0,0,0,0,860,1
1,0,0,0,861,0
1,0,0,1,861,1
0,0,1,0,862,0
0,0,0,1,862,1
0,0,1,0,863,1
1,0,1,0,863,0
0,0,0,1,864,1
1,0,0,1,864,0
0,0,0,1,865,0
1,0,0,1,865,1
1,0,1,0,866,1
1,0,0,0,866,0
0,0,1,0,867,1
0,0,0,0,867,0
1,0,1,0,868,1
1,0,0,0,868,0
0,0,1,0,869,1
0,0,0,0,869,0
1,0,1,0,870,0
1,0,0,0,870,1
0,0,1,0,871,1
0,0,0,0,871,0
0,0,1,0,872,1
0,0,0,0,872,0
0,0,1,0,873,0
0,0,0,0,873,1
0,0,0,0,874,1
1,0,0,0,874,0
0,0,1,0,875,1
0,0,0,0,875,0
0,0,1,0,876,1
0,0,0,0,876,0
1,0,1,0,877,1
1,0,0,0,877,0
0,0,1,0,878,1
1,0,1,0,878,0
1,0,0,0,879,0
1,0,0,1,879,1
0,0,1,0,880,1
0,0,0,0,880,0
0,0,1,0,881,1
0,0,0,0,881,0
0,0,1,0,882,0
0,0,0,1,882,1
1,0,1,0,883,0
1,0,0,0,883,1
0,0,1,0,884,1
0,0,0,0,884,0
0,0,0,0,885,0
0,0,0,1,885,1
0,0,1,0,886,1
0,0,0,0,886,0
0,0,1,0,887,0
1,0,1,0,887,1
0,0,1,0,888,1
0,0,0,0,888,0
0,0,0,1,889,0
1,0,0,1,889,1
0,0,0,0,890,1
0,0,0,1,890,0
0,0,1,0,891,0
0,0,0,0,891,1
1,0,1,0,892,0
1,0,0,1,892,1
1,0,1,0,893,1
1,0,0,0,893,0
1,0,1,0,894,1
1,0,0,0,894,0
1,0,1,0,895,1
1,0,0,0,895,0
0,0,1,0,896,0
1,0,1,0,896,1
0,0,0,1,897,1
1,0,0,1,897,0
1,0,1,0,898,1
1,0,0,0,898,0
1,0,1,0,899,1
1,0,0,0,899,0
1,0,1,0,900,1
1,0,0,0,900,0
0,0,0,1,901,1
1,0,0,1,901,0
1,0,1,0,902,0
1,0,0,1,902,1
0,0,1,0,903,1
0,0,0,0,903,0
1,0,1,0,904,1
1,0,0,0,904,0
0,0,0,1,905,0
1,0,0,1,905,1
0,0,0,0,906,0
0,0,0,1,906,1
1,0,0,0,907,0
1,0,0,1,907,1
1,0,1,0,908,1
1,0,0,0,908,0
1,0,1,0,909,1
1,0,0,0,909,0
0,0,0,1,910,0
1,0,0,1,910,1
0,0,1,0,911,0
0,0,0,0,911,1
0,0,1,0,912,0
0,0,0,0,912,1
0,0,1,0,913,0
1,0,1,0,913,1
1,0,1,0,914,1
1,0,0,0,914,0
0,0,1,0,915,0
1,0,1,0,915,1
0,0,0,0,916,0
0,0,0,1,916,1
0,0,0,0,917,1
1,0,0,0,917,0
0,0,1,0,918,1
1,0,1,0,918,0
0,0,1,0,919,1
1,0,1,0,919,0
0,0,0,1,920,0
1,0,0,1,920,1
1,0,1,0,921,1
1,0,0,0,921,0
0,0,1,0,922,1
0,0,0,0,922,0
1,0,0,0,923,0
1,0,0,1,923,1
0,0,1,0,924,1
0,0,0,0,924,0
0,0,1,0,925,0
1,0,1,0,925,1
0,0,1,0,926,0
1,0,1,0,926,1
1,0,1,0,927,1
1,0,0,0,927,0
1,0,1,0,928,0
1,0,0,1,928,1
0,0,1,0,929,1
0,0,0,0,929,0
0,0,0,0,930,0
1,0,0,0,930,1
0,0,1,0,931,0
1,0,1,0,931,1
1,0,1,0,932,1
1,0,0,0,932,0
1,0,1,0,933,1
1,0,0,0,933,0
0,0,0,1,934,0
1,0,0,1,934,1
1,0,1,0,935,1
1,0,0,0,935,0
0,0,1,0,936,0
0,0,0,0,936,1
1,0,0,0,937,0
1,0,0,1,937,1
1,0,1,0,938,1
1,0,0,0,938,0
0,0,1,0,939,0
0,0,0,1,939,1
1,0,1,0,940,0
1,0,0,1,940,1
1,0,0,0,941,0
1,0,0,1,941,1
0,0,1,0,942,1
0,0,0,0,942,0
0,0,0,1,943,1
1,0,0,1,943,0
0,0,1,0,944,1
0,0,0,1,944,0
1,0,1,0,945,1
1,0,0,0,945,0
0,0,0,0,946,1
1,0,0,0,946,0
0,0,0,0,947,0
1,0,0,0,947,1
0,0,1,0,948,1
0,0,0,0,948,0
0,0,1,0,949,1
0,0,0,0,949,0
0,0,0,1,950,1
1,0,0,1,950,0
0,0,0,1,951,0
1,0,0,1,951,1
0,0,1,0,952,1
0,0,0,0,952,0
1,0,1,0,953,0
1,0,0,1,953,1
0,0,0,0,954,0
0,0,0,1,954,1
1,0,0,0,955,0
1,0,0,1,955,1
0,0,0,1,956,1
1,0,0,1,956,0
1,0,1,0,957,0
1,0,0,1,957,1
1,0,0,0,958,0
1,0,0,1,958,1
0,0,1,0,959,1
0,0,0,0,959,0
0,0,0,0,960,0
0,0,0,1,960,1
0,0,0,1,961,1
1,0,0,1,961,0
0,0,0,1,962,0
1,0,0,1,962,1
0,0,1,0,963,0
1,0,1,0,963,1
0,0,0,1,964,0
1,0,0,1,964,1
0,0,1,0,965,1
1,0,1,0,965,0
0,0,1,0,966,1
0,0,0,0,966,0
0,0,0,0,967,0
0,0,0,1,967,1
0,0,0,0,968,0
0,0,0,1,968,1
0,0,1,0,969,0
1,0,1,0,969,1
0,0,1,0,970,0
0,0,0,0,970,1
0,0,1,0,971,1
0,0,0,0,971,0
1,0,0,0,972,0
1,0,0,1,972,1
0,0,1,0,973,0
0,0,0,0,973,1
1,0,1,0,974,0
1,0,0,1,974,1
0,0,0,1,975,0
1,0,0,1,975,1
0,0,0,1,976,0
1,0,0,1,976,1
0,0,1,0,977,0
1,0,1,0,977,1
1,0,0,0,978,0
1,0,0,1,978,1
1,0,1,0,979,1
1,0,0,0,979,0
1,0,0,0,980,0
1,0,0,1,980,1
0,0,1,0,981,1
0,0,0,0,981,0
0,0,0,0,982,0
0,0,0,1,982,1
1,0,0,0,983,0
1,0,0,1,983,1
0,0,1,0,984,1
0,0,0,0,984,0
1,0,1,0,985,1
1,0,0,0,985,0
0,0,1,0,986,1
0,0,0,0,986,0
0,0,1,0,987,0
1,0,1,0,987,1
1,0,0,0,988,0
1,0,0,1,988,1
1,0,1,0,989,0
1,0,0,0,989,1
1,0,0,0,990,1
1,0,0,1,990,0
1,0,0,0,991,0
1,0,0,1,991,1
0,0,1,0,992,0
0,0,0,1,992,1
1,0,0,0,993,0
1,0,0,1,993,1
0,0,0,0,994,0
0,0,0,1,994,1
1,0,1,0,995,1
1,0,0,0,995,0
0,0,0,0,996,0
0,0,0,1,996,1
0,0,1,0,997,1
0,0,0,0,997,0
1,0,0,0,998,1
1,0,0,1,998,0
0,0,1,0,999,0
1,0,1,0,999,1
1,0,1,0,1000,1
1,0,0,0,1000,0
0,0,0,1,1001,0
1,0,0,1,1001,1
0,0,1,0,1002,1
0,0,0,1,1002,0
1,0,1,0,1003,1
1,0,0,0,1003,0
0,0,1,0,1004,0
0,0,0,0,1004,1
0,0,0,0,1005,0
0,0,0,1,1005,1
0,0,1,0,1006,1
0,0,0,0,1006,0
0,0,0,0,1007,0
0,0,0,1,1007,1
0,0,1,0,1008,1
0,0,0,0,1008,0
0,0,0,1,1009,1
1,0,0,1,1009,0
0,0,1,0,1010,0
0,0,0,1,1010,1
0,0,0,1,1011,1
1,0,0,1,1011,0
0,0,1,0,1012,0
0,0,0,1,1012,1
0,0,0,0,1013,0
0,0,0,1,1013,1
0,0,0,1,1014,0
1,0,0,1,1014,1
1,0,1,0,1015,1
1,0,0,0,1015,0
0,0,1,0,1016,0
0,0,0,0,1016,1
1,0,1,0,1017,1
1,0,0,0,1017,0
1,0,0,0,1018,0
1,0,0,1,1018,1
0,0,1,0,1019,1
0,0,0,0,1019,0
0,0,0,0,1020,0
1,0,0,0,1020,1
0,0,0,1,1021,1
1,0,0,1,1021,0
0,0,1,0,1022,1
0,0,0,0,1022,0
1,0,1,0,1023,0
1,0,0,1,1023,1
0,0,0,0,1024,1
0,0,0,1,1024,0
1,0,1,0,1025,1
1,0,0,0,1025,0
1,0,1,0,1026,0
1,0,0,1,1026,1
0,0,0,1,1027,1
1,0,0,1,1027,0
0,0,1,0,1028,1
0,0,0,0,1028,0
0,0,1,0,1029,0
1,0,1,0,1029,1
0,0,0,1,1030,0
1,0,0,1,1030,1
1,0,0,0,1031,0
1,0,0,1,1031,1
0,0,1,0,1032,0
1,0,1,0,1032,1
0,0,0,1,1033,1
1,0,0,1,1033,0
0,0,0,1,1034,0
1,0,0,1,1034,1
0,0,0,0,1035,0
1,0,0,0,1035,1
0,0,1,0,1036,1
0,0,0,0,1036,0
0,0,0,1,1037,0
1,0,0,1,1037,1
0,0,0,0,1038,1
0,0,0,1,1038,0
0,0,0,0,1039,1
0,0,0,1,1039,0
0,0,1,0,1040,1
0,0,0,0,1040,0
1,0,1,0,1041,1
1,0,0,0,1041,0
0,0,1,0,1042,1
0,0,0,0,1042,0
1,0,0,0,1043,0
1,0,0,1,1043,1
0,0,0,0,1044,1
1,0,0,0,1044,0
0,0,1,0,1045,1
0,0,0,0,1045,0
1,0,1,0,1046,1
1,0,0,0,1046,0
0,0,1,0,1047,1
0,0,0,0,1047,0
0,0,1,0,1048,0
1,0,1,0,1048,1
0,0,0,0,1049,1
0,0,0,1,1049,0
0,0,0,0,1050,1
1,0,0,0,1050,0
0,0,1,0,1051,1
0,0,0,1,1051,0
0,0,1,0,1052,0
1,0,1,0,1052,1
0,0,0,1,1053,0
1,0,0,1,1053,1
0,0,1,0,1054,1
0,0,0,0,1054,0
1,0,0,0,1055,0
1,0,0,1,1055,1
0,0,0,0,1056,0
0,0,0,1,1056,1
0,0,0,0,1057,0
0,0,0,1,1057,1
0,0,0,1,1058,1
1,0,0,1,1058,0
1,0,1,0,1059,1
1,0,0,0,1059,0
0,0,0,0,1060,1
0,0,0,1,1060,0
0,0,0,0,1061,0
1,0,0,0,1061,1
0,0,0,1,1062,0
1,0,0,1,1062,1
0,0,0,1,1063,0
1,0,0,1,1063,1
1,0,1,0,1064,0
1,0,0,0,1064,1
0,0,0,0,1065,0
1,0,0,0,1065,1
0,0,0,0,1066,1
1,0,0,0,1066,0
0,0,0,0,1067,0
1,0,0,0,1067,1
0,0,1,0,1068,1
0,0,0,0,1068,0
0,0,1,0,1069,0
0,0,0,1,1069,1
0,0,0,0,1070,0
0,0,0,1,1070,1
0,0,1,0,1071,1
0,0,0,0,1071,0
1,0,1,0,1072,1
1,0,0,0,1072,0
1,0,1,0,1073,0
1,0,0,0,1073,1
0,0,0,0,1074,0
1,0,0,0,1074,1
0,0,0,0,1075,1
1,0,0,0,1075,0
1,0,0,0,1076,0
1,0,0,1,1076,1
0,0,0,1,1077,0
1,0,0,1,1077,1
0,0,1,0,1078,1
1,0,1,0,1078,0
1,0,1,0,1079,1
1,0,0,0,1079,0
0,0,0,1,1080,0
1,0,0,1,1080,1
1,0,0,0,1081,0
1,0,0,1,1081,1
0,0,0,0,1082,1
1,0,0,0,1082,0
0,0,1,0,1083,1
0,0,0,0,1083,0
1,0,1,0,1084,1
1,0,0,0,1084,0
1,0,0,0,1085,0
1,0,0,1,1085,1
0,0,0,1,1086,1
1,0,0,1,1086,0
0,0,0,1,1087,1
1,0,0,1,1087,0
0,0,1,0,1088,1
0,0,0,0,1088,0
0,0,1,0,1089,0
0,0,0,0,1089,1
0,0,0,0,1090,0
0,0,0,1,1090,1
0,0,0,0,1091,0
1,0,0,0,1091,1
0,0,1,0,1092,1
0,0,0,0,1092,0
0,0,1,0,1093,1
1,0,1,0,1093,0
0,0,0,1,1094,1
1,0,0,1,1094,0
0,0,0,0,1095,0
0,0,0,1,1095,1
0,0,1,0,1096,1
0,0,0,0,1096,0
1,0,1,0,1097,1
1,0,0,0,1097,0
1,0,1,0,1098,0
1,0,0,1,1098,1
0,0,1,0,1099,1
0,0,0,0,1099,0
0,0,0,0,1100,0
1,0,0,0,1100,1
1,0,1,0,1101,1
1,0,0,0,1101,0
0,0,0,0,1102,0
1,0,0,0,1102,1
1,0,1,0,1103,1
1,0,0,0,1103,0
0,0,1,0,1104,0
0,0,0,0,1104,1
1,0,1,0,1105,1
1,0,0,0,1105,0
0,0,1,0,1106,1
0,0,0,0,1106,0
0,0,0,0,1107,1
1,0,0,0,1107,0
0,0,0,0,1108,0
0,0,0,1,1108,1
0,0,0,0,1109,0
0,0,0,1,1109,1
0,0,1,0,1110,0
1,0,1,0,1110,1
0,0,1,0,1111,0
1,0,1,0,1111,1
0,0,0,0,1112,0
0,0,0,1,1112,1
1,0,1,0,1113,1
1,0,0,0,1113,0
0,0,1,0,1114,0
1,0,1,0,1114,1
0,0,1,0,1115,0
1,0,1,0,1115,1
0,0,1,0,1116,1
0,0,0,0,1116,0
0,0,1,0,1117,0
0,0,0,0,1117,1
0,0,1,0,1118,1
0,0,0,0,1118,0
0,0,0,0,1119,0
0,0,0,1,1119,1
0,0,0,0,1120,0
0,0,0,1,1120,1
1,0,1,0,1121,1
1,0,0,0,1121,0
0,0,0,1,1122,0
1,0,0,1,1122,1
1,0,0,0,1123,0
1,0,0,1,1123,1
0,0,0,1,1124,0
1,0,0,1,1124,1
0,0,0,0,1125,0
1,0,0,0,1125,1
0,0,1,0,1126,1
0,0,0,0,1126,0
1,0,1,0,1127,0
1,0,0,1,1127,1
1,0,1,0,1128,0
1,0,0,0,1128,1
0,0,1,0,1129,1
1,0,1,0,1129,0
0,0,1,0,1130,1
0,0,0,0,1130,0
0,0,0,1,1131,1
1,0,0,1,1131,0
1,0,1,0,1132,1
1,0,0,0,1132,0
0,0,0,1,1133,0
1,0,0,1,1133,1
0,0,0,0,1134,0
1,0,0,0,1134,1
1,0,1,0,1135,1
1,0,0,0,1135,0
0,0,0,1,1136,1
1,0,0,1,1136,0
1,0,1,0,1137,1
1,0,0,0,1137,0
0,0,0,1,1138,0
1,0,0,1,1138,1
0,0,0,0,1139,0
1,0,0,0,1139,1
0,0,1,0,1140,0
0,0,0,1,1140,1
0,0,0,0,1141,1
1,0,0,0,1141,0
0,0,1,0,1142,0
1,0,1,0,1142,1
0,0,0,1,1143,0
1,0,0,1,1143,1
1,0,1,0,1144,0
1,0,0,0,1144,1
1,0,1,0,1145,1
1,0,0,0,1145,0
1,0,1,0,1146,1
1,0,0,0,1146,0
0,0,0,1,1147,0
1,0,0,1,1147,1
1,0,0,0,1148,0
1,0,0,1,1148,1
0,0,0,0,1149,1
1,0,0,0,1149,0
1,0,1,0,1150,0
1,0,0,1,1150,1
0,0,1,0,1151,0
1,0,1,0,1151,1
0,0,1,0,1152,1
0,0,0,0,1152,0
0,0,0,0,1153,1
1,0,0,0,1153,0
1,0,0,0,1154,0
1,0,0,1,1154,1
0,0,0,0,1155,0
0,0,0,1,1155,1
1,0,1,0,1156,1
1,0,0,0,1156,0
0,0,1,0,1157,1
0,0,0,0,1157,0
1,0,1,0,1158,1
1,0,0,0,1158,0
0,0,0,0,1159,1
1,0,0,0,1159,0
1,0,1,0,1160,1
1,0,0,0,1160,0
1,0,0,0,1161,0
1,0,0,1,1161,1
0,0,1,0,1162,1
0,0,0,0,1162,0
1,0,1,0,1163,1
1,0,0,0,1163,0
1,0,1,0,1164,1
1,0,0,0,1164,0
1,0,1,0,1165,1
1,0,0,0,1165,0
0,0,1,0,1166,0
0,0,0,0,1166,1
0,0,1,0,1167,0
1,0,1,0,1167,1
1,0,1,0,1168,1
1,0,0,0,1168,0
1,0,1,0,1169,1
1,0,0,0,1169,0
0,0,0,0,1170,0
1,0,0,0,1170,1
0,0,1,0,1171,1
0,0,0,0,1171,0
0,0,1,0,1172,0
1,0,1,0,1172,1
0,0,0,0,1173,0
0,0,0,1,1173,1
0,0,1,0,1174,0
1,0,1,0,1174,1
0,0,0,0,1175,0
0,0,0,1,1175,1
1,0,1,0,1176,1
1,0,0,0,1176,0
0,0,1,0,1177,1
0,0,0,0,1177,0
0,0,0,1,1178,0
1,0,0,1,1178,1
0,0,1,0,1179,1
0,0,0,0,1179,0
1,0,0,0,1180,0
1,0,0,1,1180,1
1,0,0,0,1181,1
1,0,0,1,1181,0
1,0,1,0,1182,1
1,0,0,0,1182,0
0,0,1,0,1183,1
1,0,1,0,1183,0
1,0,1,0,1184,0
1,0,0,0,1184,1
0,0,1,0,1185,1
0,0,0,0,1185,0
0,0,1,0,1186,1
1,0,1,0,1186,0
1,0,0,0,1187,0
1,0,0,1,1187,1
1,0,1,0,1188,1
1,0,0,0,1188,0
0,0,1,0,1189,0
0,0,0,0,1189,1
0,0,1,0,1190,1
1,0,1,0,1190,0
0,0,0,0,1191,0
0,0,0,1,1191,1
0,0,1,0,1192,0
0,0,0,1,1192,1
1,0,1,0,1193,1
1,0,0,0,1193,0
0,0,1,0,1194,0
0,0,0,1,1194,1
0,0,1,0,1195,1
0,0,0,0,1195,0
0,0,1,0,1196,1
1,0,1,0,1196,0
0,0,0,0,1197,1
1,0,0,0,1197,0
0,0,1,0,1198,0
0,0,0,0,1198,1
0,0,0,0,1199,0
0,0,0,1,1199,1
0,0,1,0,1200,1
0,0,0,0,1200,0
1,0,1,0,1201,1
1,0,0,0,1201,0
1,0,1,0,1202,1
1,0,0,0,1202,0
0,0,0,0,1203,1
1,0,0,0,1203,0
0,0,1,0,1204,1
0,0,0,0,1204,0
0,0,1,0,1205,0
0,0,0,1,1205,1
0,0,0,1,1206,0
1,0,0,1,1206,1
0,0,0,1,1207,0
1,0,0,1,1207,1
0,0,1,0,1208,1
0,0,0,0,1208,0
0,0,0,0,1209,0
1,0,0,0,1209,1
0,0,0,0,1210,0
0,0,0,1,1210,1
0,0,1,0,1211,0
1,0,1,0,1211,1
0,0,0,0,1212,1
1,0,0,0,1212,0
0,0,1,0,1213,1
1,0,1,0,1213,0
1,0,0,0,1214,0
1,0,0,1,1214,1
0,0,0,1,1215,1
1,0,0,1,1215,0
1,0,1,0,1216,0
1,0,0,0,1216,1
1,0,1,0,1217,1
1,0,0,0,1217,0
0,0,0,0,1218,0
1,0,0,0,1218,1
0,0,0,0,1219,0
0,0,0,1,1219,1
1,0,1,0,1220,0
1,0,0,1,1220,1
0,0,0,1,1221,0
1,0,0,1,1221,1
0,0,1,0,1222,1
0,0,0,0,1222,0
0,0,0,0,1223,1
1,0,0,0,1223,0
0,0,1,0,1224,1
0,0,0,0,1224,0
1,0,1,0,1225,1
1,0,0,0,1225,0
0,0,1,0,1226,1
0,0,0,0,1226,0
1,0,1,0,1227,0
1,0,0,1,1227,1
0,0,1,0,1228,1
0,0,0,0,1228,0
1,0,1,0,1229,0
1,0,0,1,1229,1
0,0,0,1,1230,1
1,0,0,1,1230,0
0,0,0,1,1231,1
1,0,0,1,1231,0
1,0,0,0,1232,0
1,0,0,1,1232,1
0,0,1,0,1233,1
0,0,0,0,1233,0
0,0,1,0,1234,1
0,0,0,0,1234,0
1,0,1,0,1235,1
1,0,0,0,1235,0
1,0,1,0,1236,1
1,0,0,0,1236,0
1,0,0,0,1237,0
1,0,0,1,1237,1
0,0,0,1,1238,0
1,0,0,1,1238,1
0,0,0,0,1239,0
1,0,0,0,1239,1
1,0,1,0,1240,1
1,0,0,0,1240,0
0,0,0,0,1241,0
1,0,0,0,1241,1
0,0,0,0,1242,0
0,0,0,1,1242,1
1,0,1,0,1243,1
1,0,0,1,1243,0
1,0,1,0,1244,1
1,0,0,0,1244,0
1,0,0,0,1245,0
1,0,0,1,1245,1
1,0,1,0,1246,1
1,0,0,0,1246,0
1,0,0,0,1247,0
1,0,0,1,1247,1
0,0,0,1,1248,0
1,0,0,1,1248,1
0,0,1,0,1249,1
0,0,0,0,1249,0
1,0,1,0,1250,1
1,0,0,1,1250,0
0,0,1,0,1251,1
0,0,0,1,1251,0
1,0,1,0,1252,1
1,0,0,0,1252,0
1,0,1,0,1253,0
1,0,0,0,1253,1
0,0,0,0,1254,0
0,0,0,1,1254,1
1,0,0,0,1255,0
1,0,0,1,1255,1
0,0,0,0,1256,0
0,0,0,1,1256,1
0,0,1,0,1257,1
0,0,0,0,1257,0
0,0,0,0,1258,0
0,0,0,1,1258,1
0,0,1,0,1259,1
0,0,0,0,1259,0
0,0,0,0,1260,0
0,0,0,1,1260,1
1,0,1,0,1261,0
1,0,0,1,1261,1
1,0,1,0,1262,1
1,0,0,0,1262,0
1,0,1,0,1263,1
1,0,0,0,1263,0
0,0,1,0,1264,1
0,0,0,0,1264,0
1,0,1,0,1265,1
1,0,0,0,1265,0
1,0,1,0,1266,1
1,0,0,0,1266,0
0,0,1,0,1267,0
0,0,0,1,1267,1
0,0,1,0,1268,1
0,0,0,0,1268,0
0,0,1,0,1269,0
1,0,1,0,1269,1
1,0,1,0,1270,1
1,0,0,0,1270,0
1,0,0,0,1271,0
1,0,0,1,1271,1
1,0,1,0,1272,0
1,0,0,1,1272,1
0,0,0,1,1273,0
1,0,0,1,1273,1
1,0,1,0,1274,1
1,0,0,0,1274,0
1,0,1,0,1275,1
1,0,0,0,1275,0
0,0,1,0,1276,0
0,0,0,0,1276,1
0,0,0,0,1277,1
0,0,0,1,1277,0
1,0,1,0,1278,1
1,0,0,0,1278,0
0,0,0,0,1279,0
0,0,0,1,1279,1
1,0,0,0,1280,0
1,0,0,1,1280,1
0,0,1,0,1281,1
0,0,0,0,1281,0
0,0,1,0,1282,1
0,0,0,0,1282,0
0,0,0,1,1283,1
1,0,0,1,1283,0
0,0,1,0,1284,0
0,0,0,1,1284,1
0,0,0,0,1285,0
0,0,0,1,1285,1
1,0,1,0,1286,1
1,0,0,0,1286,0
0,0,0,0,1287,0
1,0,0,0,1287,1
0,0,1,0,1288,1
1,0,1,0,1288,0
0,0,1,0,1289,0
0,0,0,0,1289,1
0,0,1,0,1290,1
0,0,0,0,1290,0
1,0,1,0,1291,0
1,0,0,0,1291,1
1,0,1,0,1292,1
1,0,0,0,1292,0
0,0,1,0,1293,1
0,0,0,0,1293,0
0,0,0,0,1294,0
1,0,0,0,1294,1
0,0,1,0,1295,1
0,0,0,0,1295,0
0,0,0,0,1296,1
1,0,0,0,1296,0
1,0,0,0,1297,0
1,0,0,1,1297,1
1,0,1,0,1298,0
1,0,0,1,1298,1
0,0,0,1,1299,1
1,0,0,1,1299,0
0,0,0,1,1300,0
1,0,0,1,1300,1
0,0,1,0,1301,1
0,0,0,0,1301,0
0,0,0,1,1302,0
1,0,0,1,1302,1
1,0,0,0,1303,0
1,0,0,1,1303,1
1,0,1,0,1304,1
1,0,0,0,1304,0
1,0,1,0,1305,1
1,0,0,0,1305,0
1,0,1,0,1306,1
1,0,0,0,1306,0
0,0,1,0,1307,1
0,0,0,0,1307,0
0,0,1,0,1308,1
0,0,0,0,1308,0
0,0,1,0,1309,1
0,0,0,0,1309,0
1,0,1,0,1310,1
1,0,0,0,1310,0
0,0,0,0,1311,1
0,0,0,1,1311,0
0,0,1,0,1312,0
0,0,0,0,1312,1
1,0,1,0,1313,1
1,0,0,0,1313,0
0,0,1,0,1314,0
1,0,1,0,1314,1
1,0,1,0,1315,0
1,0,0,0,1315,1
0,0,0,1,1316,1
1,0,0,1,1316,0
0,0,1,0,1317,1
0,0,0,0,1317,0
0,0,0,0,1318,1
0,0,0,1,1318,0
0,0,1,0,1319,1
0,0,0,0,1319,0
0,0,1,0,1320,1
1,0,1,0,1320,0
0,0,0,0,1321,0
0,0,0,1,1321,1
0,0,0,0,1322,0
0,0,0,1,1322,1
0,0,0,0,1323,0
0,0,0,1,1323,1
1,0,1,0,1324,1
1,0,0,0,1324,0
0,0,0,0,1325,1
1,0,0,0,1325,0
1,0,1,0,1326,1
1,0,0,0,1326,0
0,0,1,0,1327,0
0,0,0,1,1327,1
1,0,1,0,1328,1
1,0,0,1,1328,0
1,0,0,0,1329,0
1,0,0,1,1329,1
0,0,1,0,1330,0
1,0,1,0,1330,1
0,0,1,0,1331,0
0,0,0,0,1331,1
1,0,1,0,1332,1
1,0,0,0,1332,0
1,0,1,0,1333,1
1,0,0,0,1333,0
0,0,1,0,1334,1
0,0,0,0,1334,0
1,0,0,0,1335,1
1,0,0,1,1335,0
1,0,1,0,1336,1
1,0,0,0,1336,0
0,0,1,0,1337,0
1,0,1,0,1337,1
1,0,1,0,1338,1
1,0,0,0,1338,0
0,0,0,0,1339,0
1,0,0,0,1339,1
0,0,1,0,1340,0
1,0,1,0,1340,1
0,0,0,0,1341,0
0,0,0,1,1341,1
1,0,0,0,1342,0
1,0,0,1,1342,1
0,0,1,0,1343,0
1,0,1,0,1343,1
0,0,1,0,1344,1
0,0,0,0,1344,0
1,0,1,0,1345,1
1,0,0,0,1345,0
1,0,1,0,1346,0
1,0,0,1,1346,1
1,0,0,0,1347,0
1,0,0,1,1347,1
0,0,0,1,1348,1
1,0,0,1,1348,0
1,0,0,0,1349,0
1,0,0,1,1349,1
0,0,1,0,1350,1
0,0,0,0,1350,0
1,0,1,0,1351,0
1,0,0,1,1351,1
0,0,0,0,1352,0
0,0,0,1,1352,1
0,0,0,0,1353,1
1,0,0,0,1353,0
1,0,1,0,1354,0
1,0,0,0,1354,1
0,0,1,0,1355,1
0,0,0,0,1355,0
1,0,1,0,1356,0
1,0,0,1,1356,1
0,0,0,1,1357,0
1,0,0,1,1357,1
0,0,1,0,1358,1
0,0,0,0,1358,0
0,0,1,0,1359,1
0,0,0,0,1359,0
1,0,0,0,1360,0
1,0,0,1,1360,1
1,0,0,0,1361,0
1,0,0,1,1361,1
0,0,0,0,1362,0
1,0,0,0,1362,1
1,0,0,0,1363,0
1,0,0,1,1363,1
