Ind,Spare,Gender,Age
1,1,0,1
2,0,0,0
3,1,1,1
4,0,1,0
5,0,1,1
6,1,1,2
7,0,0,0
8,1,1,0
9,1,1,1
10,0,1,0
11,0,0,0
12,1,0,2
13,1,0,2
14,0,1,2
15,1,0,1
16,0,0,0
17,0,0,1
18,1,0,2
19,1,0,1
20,0,0,2
21,0,0,0
22,1,1,0
23,0,0,2
24,1,1,2
25,1,1,1
26,0,1,0
27,1,1,1
28,0,1,2
29,0,0,0
30,1,0,2
31,0,0,0
32,1,0,2
33,0,0,0
34,1,1,0
35,1,0,1
36,0,0,0
37,0,1,0
38,1,1,2
39,1,1,1
40,0,1,0
41,0,1,0
42,1,1,2
43,1,0,1
44,0,0,0
45,0,0,1
46,1,1,1
47,0,0,0
48,1,0,2
49,0,0,0
50,1,0,2
51,1,0,0
52,0,1,0
53,0,1,1
54,1,1,2
55,0,0,1
56,1,1,1
57,1,0,1
58,0,0,0
59,1,0,1
60,0,0,0
61,1,1,1
62,0,1,0
63,0,0,0
64,1,0,2
65,0,0,1
66,1,1,1
67,0,0,2
68,1,1,2
69,0,1,0
70,1,1,2
71,1,0,0
72,0,1,0
73,0,0,1
74,1,0,2
75,1,0,0
76,0,1,0
77,1,0,1
78,0,0,0
79,0,0,1
80,1,1,1
81,1,1,1
82,0,1,0
83,1,0,1
84,0,1,1
85,1,0,0
86,0,0,2
87,0,1,1
88,1,1,2
89,0,0,1
90,1,0,2
91,1,1,1
92,0,1,0
93,1,1,1
94,0,1,0
95,1,0,1
96,0,0,0
97,0,1,1
98,1,1,0
99,1,0,1
100,0,1,1
101,0,0,2
102,1,1,2
103,1,0,0
104,0,1,0
105,1,0,1
106,0,0,0
107,1,0,1
108,0,0,0
109,1,0,1
110,0,0,0
111,0,1,0
112,1,1,2
113,1,1,1
114,0,1,0
115,0,1,1
116,1,1,2
117,0,0,1
118,1,1,1
119,0,1,0
120,1,1,2
121,1,1,1
122,0,1,0
123,0,0,2
124,1,1,2
125,1,0,1
126,0,0,0
127,0,1,1
128,1,1,2
129,1,0,0
130,0,1,0
131,1,0,1
132,0,0,0
133,0,0,1
134,1,0,2
135,0,1,1
136,1,1,2
137,1,0,0
138,0,1,0
139,0,0,0
140,1,0,2
141,0,0,2
142,1,1,2
143,0,0,2
144,1,1,2
145,1,0,1
146,0,0,0
147,0,0,0
148,1,0,2
149,0,0,1
150,1,0,0
151,0,0,0
152,1,0,2
153,1,1,1
154,0,1,0
155,0,0,0
156,1,1,0
157,0,0,0
158,1,0,2
159,0,0,0
160,1,1,0
161,1,0,1
162,0,0,0
163,0,0,2
164,1,1,2
165,0,0,0
166,1,0,2
167,0,0,1
168,1,0,2
169,0,0,2
170,1,1,2
171,1,0,1
172,0,1,1
173,0,0,0
174,1,1,0
175,0,0,1
176,1,1,1
177,1,0,1
178,0,0,0
179,1,0,1
180,0,0,0
181,0,1,0
182,1,1,2
183,1,1,1
184,0,1,0
185,1,0,1
186,0,0,0
187,1,0,1
188,0,1,1
189,0,0,0
190,1,1,0
191,0,0,1
192,1,0,2
193,1,0,0
194,0,1,0
195,1,0,2
196,0,1,2
197,1,0,0
198,0,1,0
199,0,0,1
200,1,0,2
201,1,1,1
202,0,1,0
203,1,0,2
204,0,1,2
205,1,1,1
206,0,1,0
207,1,1,1
208,0,1,0
209,0,0,1
210,1,1,1
211,0,0,0
212,1,0,2
213,0,0,2
214,1,1,2
215,0,1,1
216,1,1,0
217,0,1,0
218,1,1,2
219,1,0,1
220,0,1,1
221,1,0,1
222,0,0,0
223,1,0,1
224,0,0,0
225,0,1,1
226,1,1,0
227,1,0,0
228,0,1,0
229,1,1,0
230,0,1,2
231,1,0,1
232,0,1,1
233,0,1,1
234,1,1,2
235,1,0,0
236,0,1,0
237,1,0,1
238,0,0,0
239,1,0,1
240,0,0,0
241,1,0,1
242,0,0,0
243,0,0,1
244,1,0,0
245,0,1,0
246,1,1,2
247,0,0,1
248,1,0,0
249,0,1,0
250,1,1,2
251,0,1,1
252,1,1,2
253,1,0,1
254,0,0,0
255,0,0,1
256,1,0,0
257,0,0,1
258,1,1,1
259,1,0,0
260,0,0,2
261,1,0,0
262,0,1,0
263,0,0,1
264,1,1,1
265,1,0,1
266,0,0,0
267,0,0,1
268,1,1,1
269,0,1,0
270,1,1,2
271,0,1,1
272,1,1,2
273,0,1,1
274,1,1,0
275,0,1,0
276,1,1,2
277,1,0,1
278,0,1,1
279,0,0,1
280,1,0,2
281,1,0,1
282,0,0,0
283,1,1,1
284,0,1,0
285,0,0,0
286,1,1,0
287,1,0,0
288,0,1,0
289,0,1,0
290,1,1,2
291,1,0,1
292,0,0,0
293,1,1,1
294,0,1,0
295,1,0,1
296,0,0,0
297,0,0,1
298,1,0,2
299,0,0,0
300,1,1,0
301,1,1,1
302,0,1,0
303,1,1,1
304,0,1,0
305,1,0,0
306,0,0,2
307,1,1,1
308,0,1,0
309,0,1,0
310,1,1,2
311,0,0,1
312,1,0,2
313,0,0,0
314,1,0,2
315,0,0,2
316,1,1,2
317,0,0,1
318,1,0,2
319,1,1,1
320,0,1,0
321,0,0,2
322,1,1,2
323,1,1,1
324,0,1,0
325,1,0,2
326,0,1,2
327,0,0,1
328,1,0,0
329,0,0,1
330,1,1,1
331,1,0,1
332,0,0,0
333,1,1,1
334,0,1,0
335,0,0,2
336,1,1,2
337,1,0,1
338,0,0,0
339,0,1,0
340,1,1,2
341,0,0,1
342,1,0,2
343,0,0,1
344,1,1,1
345,1,1,1
346,0,1,0
347,1,0,0
348,0,0,2
349,0,0,0
350,1,1,0
351,1,0,2
352,0,1,2
353,0,0,2
354,1,1,2
355,0,0,1
356,1,1,1
357,1,1,1
358,0,1,0
359,0,1,1
360,1,1,0
361,0,1,1
362,1,1,0
363,0,1,0
364,1,1,2
365,0,0,1
366,1,0,2
367,1,0,1
368,0,0,0
369,1,0,1
370,0,0,0
371,1,0,1
372,0,1,1
373,1,0,1
374,0,1,1
375,1,0,1
376,0,0,0
377,1,0,2
378,0,1,2
379,0,1,1
380,1,1,0
381,1,1,1
382,0,1,0
383,1,0,1
384,0,0,0
385,1,0,0
386,0,1,0
387,1,0,0
388,0,1,0
389,1,1,1
390,0,1,0
391,0,0,0
392,1,1,0
393,1,0,1
394,0,0,0
395,1,1,1
396,0,1,0
397,0,0,1
398,1,0,0
399,1,0,1
400,0,1,1
401,0,0,1
402,1,0,2
403,1,1,1
404,0,1,0
405,0,0,1
406,1,1,1
407,1,0,1
408,0,0,0
409,1,0,2
410,0,1,2
411,0,0,1
412,1,0,0
413,1,0,1
414,0,0,0
415,0,0,0
416,1,1,0
417,1,0,1
418,0,0,0
419,0,1,1
420,1,1,0
421,1,0,0
422,0,1,0
423,1,1,1
424,0,1,0
425,0,0,1
426,1,1,1
427,1,0,0
428,0,1,0
429,0,1,1
430,1,1,2
431,0,1,0
432,1,1,2
433,0,0,1
434,1,1,1
435,0,0,1
436,1,1,1
437,1,0,1
438,0,0,0
439,0,0,2
440,1,1,2
441,1,0,1
442,0,1,1
443,1,0,0
444,0,1,0
445,1,0,1
446,0,1,1
447,0,0,1
448,1,1,1
449,0,0,0
450,1,0,2
451,1,1,1
452,0,1,0
453,1,1,1
454,0,1,0
455,1,0,2
456,0,1,2
457,1,1,1
458,0,1,0
459,0,0,0
460,1,0,2
461,0,0,1
462,1,1,1
463,0,1,1
464,1,1,0
465,1,1,1
466,0,1,0
467,1,0,0
468,0,1,0
469,0,1,0
470,1,1,2
471,0,1,0
472,1,1,2
473,1,0,0
474,0,1,0
475,0,0,2
476,1,1,2
477,1,1,1
478,0,1,0
479,1,0,2
480,0,1,2
481,0,0,0
482,1,1,0
483,1,0,1
484,0,0,0
485,1,1,1
486,0,1,0
487,0,0,1
488,1,1,1
489,1,1,0
490,0,1,2
491,0,1,1
492,1,1,2
493,0,0,1
494,1,0,2
495,1,1,1
496,0,1,0
497,0,0,2
498,1,1,2
499,0,0,1
500,1,1,1
501,1,0,2
502,0,1,2
503,1,1,1
504,0,1,0
505,1,0,1
506,0,1,1
507,0,0,1
508,1,0,2
509,0,0,1
510,1,0,2
511,0,1,0
512,1,1,2
513,0,0,2
514,1,1,2
515,0,0,1
516,1,0,0
517,0,1,1
518,1,1,2
519,1,0,1
520,0,0,0
521,0,0,2
522,1,1,2
523,1,0,1
524,0,0,0
525,0,0,1
526,1,0,0
527,0,0,1
528,1,0,0
529,1,1,1
530,0,1,0
531,0,0,2
532,1,1,2
533,0,0,0
534,1,1,0
535,0,1,0
536,1,1,2
537,1,0,1
538,0,0,0
539,0,0,0
540,1,0,2
541,0,0,1
542,1,0,0
543,0,1,0
544,1,1,2
545,1,0,2
546,0,1,2
547,0,1,0
548,1,1,2
549,0,0,0
550,1,1,0
551,1,1,1
552,0,1,0
553,0,0,1
554,1,0,0
555,1,1,1
556,0,1,0
557,1,0,1
558,0,0,0
559,0,0,1
560,1,0,0
561,0,1,0
562,1,1,2
563,1,0,2
564,0,1,2
565,1,0,1
566,0,0,2
567,1,0,1
568,0,0,0
569,0,1,1
570,1,1,0
571,1,1,1
572,0,1,0
573,1,0,1
574,0,0,0
575,0,0,2
576,1,1,2
577,1,0,0
578,0,1,0
579,1,0,1
580,0,1,1
581,0,0,0
582,1,1,0
583,0,1,0
584,1,1,2
585,0,0,1
586,1,0,2
587,0,1,1
588,1,1,0
589,1,0,1
590,0,0,0
591,0,1,0
592,1,1,2
593,0,0,1
594,1,0,0
595,1,0,1
596,0,0,0
597,0,0,1
598,1,0,0
599,0,1,0
600,1,1,2
601,0,0,0
602,1,0,2
603,0,0,1
604,1,0,2
605,1,0,1
606,0,0,0
607,1,0,1
608,0,1,1
609,1,0,1
610,0,1,1
611,0,0,1
612,1,0,0
613,1,0,2
614,0,1,2
615,0,0,2
616,1,1,2
617,1,1,1
618,0,1,0
619,1,0,1
620,0,0,0
621,0,0,1
622,1,1,1
623,0,0,1
624,1,0,2
625,1,1,1
626,0,1,0
627,1,1,1
628,0,1,0
629,0,0,1
630,1,0,0
631,1,0,1
632,0,0,0
633,1,0,1
634,0,0,0
635,1,0,1
636,0,0,0
637,0,0,1
638,1,0,2
639,0,0,1
640,1,1,1
641,1,0,1
642,0,0,0
643,0,0,2
644,1,1,2
645,0,1,1
646,1,1,0
647,1,0,1
648,0,0,0
649,1,0,1
650,0,0,0
651,1,0,1
652,0,0,0
653,0,0,1
654,1,0,0
655,0,0,1
656,1,1,1
657,1,0,0
658,0,1,0
659,1,0,1
660,0,0,0
661,1,0,1
662,0,0,0
663,1,1,1
664,0,1,0
665,1,1,1
666,0,1,2
667,1,0,1
668,0,0,2
669,1,0,1
670,0,1,1
671,0,1,0
672,1,1,2
673,1,0,1
674,0,0,0
675,1,0,1
676,0,0,0
677,1,0,1
678,0,0,0
679,0,0,1
680,1,0,2
681,1,0,1
682,0,0,0
683,0,1,1
684,1,1,0
685,1,0,1
686,0,0,0
687,1,0,1
688,0,0,0
689,0,0,0
690,1,0,2
691,0,0,1
692,1,0,0
693,0,0,2
694,1,1,2
695,1,0,1
696,0,0,0
697,0,0,0
698,1,0,2
699,0,0,1
700,1,1,1
701,1,0,1
702,0,0,0
703,0,1,0
704,1,1,2
705,0,0,2
706,1,1,2
707,0,0,0
708,1,1,0
709,1,0,0
710,0,0,2
711,1,0,2
712,0,1,2
713,0,0,0
714,1,1,0
715,0,0,1
716,1,1,1
717,0,0,1
718,1,0,0
719,0,1,1
720,1,1,2
721,0,0,0
722,1,0,2
723,1,0,0
724,0,1,0
725,0,1,1
726,1,1,2
727,1,1,1
728,0,1,0
729,1,1,1
730,0,1,0
731,1,1,1
732,0,1,0
733,1,1,1
734,0,1,0
735,0,0,1
736,1,1,1
737,1,0,2
738,0,1,2
739,1,1,1
740,0,1,0
741,0,0,1
742,1,0,0
743,1,0,1
744,0,0,0
745,1,1,1
746,0,1,0
747,1,1,1
748,0,1,0
749,1,0,2
750,0,1,2
751,0,1,1
752,1,1,2
753,1,0,1
754,0,0,0
755,1,1,1
756,0,1,0
757,0,0,2
758,1,1,2
759,1,0,1
760,0,0,0
761,1,1,1
762,0,1,0
763,0,0,0
764,1,0,2
765,0,0,1
766,1,0,2
767,1,0,2
768,0,1,2
769,1,1,1
770,0,1,0
771,0,1,0
772,1,1,2
773,1,1,1
774,0,1,0
775,1,0,0
776,0,1,0
777,1,1,1
778,0,1,0
779,0,0,2
780,1,1,2
781,0,0,1
782,1,0,0
783,0,1,1
784,1,1,0
785,0,0,1
786,1,0,0
787,1,1,1
788,0,1,0
789,0,0,1
790,1,1,1
791,1,1,1
792,0,1,0
793,0,0,1
794,1,1,1
795,0,0,0
796,1,0,2
797,0,0,1
798,1,0,2
799,0,1,0
800,1,1,2
801,1,0,1
802,0,0,0
803,1,0,0
804,0,1,0
805,1,0,1
806,0,1,1
807,1,1,1
808,0,1,0
809,1,0,1
810,0,1,1
811,0,0,1
812,1,0,0
813,0,0,2
814,1,1,2
815,1,1,1
816,0,1,0
817,1,1,1
818,0,1,0
819,1,0,1
820,0,0,0
821,0,1,0
822,1,1,2
823,0,1,0
824,1,1,2
825,0,1,0
826,1,1,2
827,1,0,1
828,0,0,0
829,0,0,1
830,1,1,1
831,0,0,1
832,1,0,0
833,0,0,1
834,1,1,1
835,1,1,1
836,0,1,0
837,1,0,1
838,0,0,0
839,0,0,1
840,1,1,1
841,1,0,1
842,0,0,0
843,0,1,1
844,1,1,2
845,0,0,2
846,1,1,2
847,1,0,1
848,0,0,0
849,1,0,1
850,0,0,0
851,0,1,1
852,1,1,0
853,0,0,2
854,1,1,2
855,0,0,0
856,1,1,0
857,1,1,1
858,0,1,0
859,0,0,1
860,1,1,1
861,1,1,1
862,0,1,0
863,0,1,0
864,1,1,2
865,1,1,1
866,0,1,0
867,0,0,2
868,1,1,2
869,1,1,1
870,0,1,0
871,0,0,1
872,1,0,0
873,1,0,1
874,0,0,0
875,0,1,0
876,1,1,2
877,1,1,1
878,0,1,0
879,1,1,1
880,0,1,0
881,1,1,1
882,0,1,0
883,1,0,1
884,0,0,0
885,1,1,1
886,0,1,0
887,0,0,1
888,1,0,2
889,0,1,0
890,1,1,2
891,0,1,1
892,1,1,2
893,0,1,0
894,1,1,2
895,1,0,1
896,0,0,0
897,1,0,0
898,0,0,2
899,1,0,2
900,0,1,2
901,1,0,1
902,0,0,2
903,1,0,1
904,0,0,0
905,0,0,1
906,1,1,1
907,1,1,1
908,0,1,0
909,1,0,0
910,0,1,0
911,1,0,1
912,0,0,0
913,0,0,0
914,1,1,0
915,1,0,1
916,0,0,0
917,1,0,1
918,0,0,0
919,1,1,1
920,0,1,0
921,1,0,2
922,0,1,2
923,0,0,2
924,1,1,2
925,1,1,1
926,0,1,0
927,1,0,1
928,0,0,0
929,0,1,1
930,1,1,2
931,1,0,1
932,0,1,1
933,0,0,0
934,1,0,2
935,0,1,0
936,1,1,2
937,1,0,2
938,0,1,2
939,0,0,1
940,1,1,1
941,1,1,1
942,0,1,0
943,0,1,1
944,1,1,2
945,0,0,1
946,1,1,1
947,0,1,0
948,1,1,2
949,0,0,1
950,1,0,2
951,1,0,1
952,0,0,0
953,0,0,0
954,1,0,2
955,1,0,2
956,0,1,2
957,1,0,0
958,0,0,2
959,0,0,1
960,1,0,2
961,0,0,2
962,1,1,2
963,0,0,0
964,1,1,0
965,0,0,1
966,1,1,1
967,0,0,0
968,1,1,0
969,0,0,2
970,1,1,2
971,1,1,1
972,0,1,0
973,1,0,2
974,0,1,2
975,1,0,1
976,0,1,1
977,1,0,1
978,0,0,0
979,0,0,0
980,1,0,2
981,1,0,0
982,0,0,2
983,0,0,0
984,1,0,2
985,0,0,1
986,1,0,2
987,0,0,1
988,1,1,1
989,0,1,0
990,1,1,2
991,0,0,1
992,1,0,0
993,0,0,1
994,1,1,1
995,1,0,1
996,0,0,0
997,0,1,0
998,1,1,2
999,0,0,1
1000,1,1,1
1001,0,0,1
1002,1,0,0
1003,0,1,1
1004,1,1,2
1005,1,0,1
1006,0,0,0
1007,0,0,2
1008,1,1,2
1009,0,0,2
1010,1,1,2
1011,0,0,1
1012,1,1,1
1013,1,1,1
1014,0,1,0
1015,0,1,0
1016,1,1,2
1017,0,0,0
1018,1,1,0
1019,0,0,1
1020,1,0,0
1021,1,1,1
1022,0,1,0
1023,1,0,2
1024,0,1,2
1025,0,1,0
1026,1,1,2
1027,1,0,1
1028,0,0,0
1029,1,1,1
1030,0,1,0
1031,0,0,1
1032,1,1,1
1033,0,0,0
1034,1,0,2
1035,0,1,0
1036,1,1,2
1037,1,0,1
1038,0,0,0
1039,1,1,1
1040,0,1,0
1041,1,0,1
1042,0,0,0
1043,0,0,1
1044,1,0,0
1045,0,0,2
1046,1,1,2
1047,0,0,1
1048,1,1,1
1049,0,1,0
1050,1,1,2
1051,0,1,1
1052,1,1,0
1053,0,1,1
1054,1,1,0
1055,1,1,0
1056,0,1,2
1057,1,1,1
1058,0,1,0
1059,1,1,1
1060,0,1,0
1061,0,1,0
1062,1,1,2
1063,0,1,0
1064,1,1,2
1065,0,0,0
1066,1,0,2
1067,0,0,1
1068,1,0,2
1069,1,1,1
1070,0,1,0
1071,0,0,0
1072,1,1,0
1073,0,1,0
1074,1,1,2
1075,1,0,1
1076,0,0,2
1077,0,0,0
1078,1,0,2
1079,1,1,1
1080,0,1,0
1081,1,1,1
1082,0,1,0
1083,1,0,1
1084,0,1,1
1085,1,1,1
1086,0,1,0
1087,0,0,0
1088,1,0,2
1089,1,0,2
1090,0,1,2
1091,1,0,0
1092,0,1,0
1093,0,0,0
1094,1,0,2
1095,1,0,1
1096,0,0,0
1097,1,1,0
1098,0,1,2
1099,0,0,1
1100,1,0,0
1101,0,0,1
1102,1,1,1
1103,1,0,1
1104,0,0,0
1105,1,1,1
1106,0,1,0
1107,1,0,1
1108,0,0,0
1109,1,1,1
1110,0,1,0
1111,0,0,2
1112,1,1,2
1113,1,0,1
1114,0,0,2
1115,1,1,1
1116,0,1,0
1117,0,0,1
1118,1,0,0
1119,0,0,0
1120,1,0,2
1121,1,0,1
1122,0,0,0
1123,0,0,1
1124,1,0,0
1125,0,0,0
1126,1,0,2
1127,1,0,1
1128,0,0,0
1129,1,0,2
1130,0,1,2
1131,0,0,1
1132,1,0,2
1133,0,0,1
1134,1,0,2
1135,1,0,1
1136,0,1,1
1137,0,0,1
1138,1,0,0
1139,1,0,2
1140,0,1,2
1141,0,0,1
1142,1,0,2
1143,0,1,1
1144,1,1,2
1145,0,0,0
1146,1,0,2
1147,0,0,2
1148,1,1,2
1149,1,1,1
1150,0,1,0
1151,0,0,1
1152,1,0,0
1153,1,1,1
1154,0,1,0
1155,0,1,0
1156,1,1,2
1157,1,0,1
1158,0,0,0
1159,0,0,0
1160,1,1,0
1161,1,0,2
1162,0,1,2
1163,0,0,1
1164,1,0,2
1165,1,1,1
1166,0,1,0
1167,1,0,1
1168,0,0,0
1169,0,1,1
1170,1,1,2
1171,1,0,0
1172,0,0,2
1173,1,1,1
1174,0,1,0
1175,1,0,0
1176,0,0,2
1177,1,1,1
1178,0,1,0
1179,0,1,1
1180,1,1,2
1181,1,0,2
1182,0,1,2
1183,0,0,0
1184,1,1,0
1185,1,0,1
1186,0,0,0
1187,0,1,0
1188,1,1,2
1189,0,0,1
1190,1,1,1
1191,1,1,1
1192,0,1,0
1193,1,1,1
1194,0,1,0
1195,0,0,2
1196,1,1,2
1197,1,1,1
1198,0,1,0
1199,1,0,1
1200,0,1,1
1201,0,1,1
1202,1,1,2
1203,1,0,1
1204,0,0,0
1205,0,1,0
1206,1,1,2
1207,0,0,2
1208,1,1,2
1209,1,1,1
1210,0,1,0
1211,0,0,1
1212,1,1,1
1213,1,0,2
1214,0,1,2
1215,0,0,2
1216,1,1,2
1217,0,0,0
1218,1,1,0
1219,1,1,1
1220,0,1,0
1221,1,0,1
1222,0,0,0
1223,0,0,1
1224,1,1,1
1225,0,0,2
1226,1,1,2
1227,1,0,0
1228,0,0,2
1229,1,0,0
1230,0,0,2
1231,1,0,0
1232,0,1,0
1233,0,0,2
1234,1,1,2
1235,1,0,1
1236,0,0,0
1237,1,1,1
1238,0,1,0
1239,0,0,1
1240,1,0,0
1241,1,0,1
1242,0,0,0
1243,1,0,0
1244,0,1,0
1245,0,1,0
1246,1,1,2
1247,1,0,0
1248,0,1,0
1249,0,0,0
1250,1,0,2
1251,1,0,1
1252,0,0,0
1253,1,1,1
1254,0,1,0
1255,1,0,1
1256,0,0,0
1257,0,0,1
1258,1,1,1
1259,1,0,0
1260,0,0,2
1261,1,0,0
1262,0,1,0
1263,0,1,1
1264,1,1,2
1265,1,0,1
1266,0,0,2
1267,0,0,1
1268,1,1,1
1269,0,0,2
1270,1,1,2
1271,1,0,1
1272,0,0,0
1273,0,1,0
1274,1,1,2
1275,1,0,1
1276,0,0,0
1277,0,1,1
1278,1,1,0
1279,0,0,0
1280,1,0,2
1281,0,0,0
1282,1,0,2
1283,1,0,2
1284,0,1,2
1285,1,0,0
1286,0,1,0
1287,1,1,1
1288,0,1,0
1289,1,0,0
1290,0,0,2
1291,0,0,2
1292,1,1,2
1293,0,0,1
1294,1,0,2
1295,0,0,0
1296,1,1,0
1297,0,0,2
1298,1,1,2
1299,1,0,1
1300,0,0,0
1301,0,0,2
1302,1,1,2
1303,0,1,1
1304,1,1,0
1305,0,0,0
1306,1,0,2
1307,0,0,0
1308,1,1,0
1309,1,0,0
1310,0,1,0
1311,0,0,0
1312,1,1,0
1313,1,0,1
1314,0,0,0
1315,0,0,1
1316,1,0,2
1317,0,0,0
1318,1,0,2
1319,1,0,1
1320,0,0,0
1321,1,1,1
1322,0,1,0
1323,0,1,1
1324,1,1,0
1325,1,0,1
1326,0,0,0
1327,0,0,0
1328,1,0,2
1329,0,0,0
1330,1,1,0
1331,1,0,0
1332,0,1,0
1333,0,1,0
1334,1,1,2
1335,0,0,0
1336,1,0,2
1337,0,0,2
1338,1,1,2
1339,1,0,1
1340,0,1,1
1341,1,0,1
1342,0,0,0
1343,1,1,1
1344,0,1,0
1345,0,0,2
1346,1,1,2
1347,0,1,0
1348,1,1,2
1349,1,0,0
1350,0,1,0
1351,1,0,1
1352,0,0,0
1353,1,1,1
1354,0,1,0
1355,0,1,0
1356,1,1,2
1357,1,0,2
1358,0,1,2
1359,0,0,0
1360,1,1,0
1361,1,0,2
1362,0,1,2
1363,1,0,1
1364,0,0,0
1365,0,0,0
1366,1,1,0
1367,0,0,1
1368,1,0,0
1369,1,0,1
1370,0,1,1
1371,0,0,0
1372,1,0,2
1373,0,0,0
1374,1,1,0
1375,1,0,1
1376,0,0,0
1377,1,0,1
1378,0,1,1
1379,1,0,2
1380,0,1,2
1381,0,0,0
1382,1,0,2
1383,1,0,1
1384,0,0,0
1385,0,0,1
1386,1,0,2
1387,1,1,1
1388,0,1,0
1389,0,1,1
1390,1,1,2
1391,1,0,1
1392,0,0,0
1393,0,0,0
1394,1,1,0
1395,1,0,1
1396,0,0,0
1397,1,1,1
1398,0,1,0
1399,0,0,0
1400,1,1,0
1401,1,1,1
1402,0,1,0
1403,0,0,1
1404,1,0,0
1405,1,1,1
1406,0,1,0
1407,1,0,1
1408,0,0,0
1409,1,0,0
1410,0,1,0
1411,0,0,0
1412,1,0,2
1413,0,1,1
1414,1,1,2
1415,0,0,2
1416,1,1,2
1417,0,1,0
1418,1,1,2
1419,1,1,1
1420,0,1,0
1421,0,1,0
1422,1,1,2
1423,1,0,1
1424,0,0,0
1425,0,0,0
1426,1,0,2
1427,0,0,1
1428,1,1,1
1429,0,0,1
1430,1,1,1
1431,0,0,0
1432,1,0,2
1433,1,1,1
1434,0,1,0
1435,0,0,1
1436,1,1,1
1437,0,0,1
1438,1,1,1
1439,1,0,1
1440,0,0,0
1441,0,1,0
1442,1,1,2
1443,0,0,1
1444,1,0,0
1445,1,0,1
1446,0,0,0
1447,1,1,1
1448,0,1,0
1449,1,1,1
1450,0,1,0
1451,0,0,1
1452,1,1,1
1453,0,0,0
1454,1,0,2
1455,0,0,0
1456,1,0,2
1457,1,0,1
1458,0,0,0
1459,1,1,1
1460,0,1,0
1461,0,0,2
1462,1,1,2
1463,0,1,0
1464,1,1,2
1465,1,0,1
1466,0,0,0
1467,0,0,2
1468,1,1,2
1469,0,0,0
1470,1,1,0
1471,0,0,0
1472,1,1,0
1473,0,0,1
1474,1,0,0
1475,1,1,1
1476,0,1,0
1477,1,0,1
1478,0,0,0
1479,0,1,1
1480,1,1,2
1481,0,0,1
1482,1,0,0
1483,0,1,1
1484,1,1,0
1485,1,0,1
1486,0,1,1
1487,0,0,1
1488,1,1,1
1489,1,0,1
1490,0,0,0
1491,1,0,2
1492,0,1,2
1493,1,1,1
1494,0,1,0
1495,0,1,1
1496,1,1,0
1497,0,0,2
1498,1,1,2
1499,0,0,0
1500,1,1,0
1501,0,0,0
1502,1,1,0
1503,1,1,1
1504,0,1,0
1505,1,0,2
1506,0,1,2
1507,1,1,1
1508,0,1,0
1509,0,0,2
1510,1,1,2
1511,0,0,0
1512,1,1,0
1513,0,0,1
1514,1,0,2
1515,1,0,0
1516,0,1,0
1517,0,0,1
1518,1,1,1
1519,0,0,1
1520,1,0,2
1521,0,0,2
1522,1,1,2
1523,0,1,1
1524,1,1,0
1525,0,1,1
1526,1,1,0
1527,1,1,1
1528,0,1,0
1529,1,1,1
1530,0,1,0
1531,1,1,1
1532,0,1,0
1533,1,1,1
1534,0,1,0
1535,0,0,2
1536,1,1,2
1537,0,1,0
1538,1,1,2
1539,1,0,1
1540,0,1,1
1541,1,0,0
1542,0,1,0
1543,0,1,1
1544,1,1,2
1545,0,0,1
1546,1,1,1
1547,1,0,1
1548,0,0,0
1549,0,1,0
1550,1,1,2
1551,0,0,0
1552,1,1,0
1553,1,0,0
1554,0,1,0
1555,0,0,2
1556,1,1,2
1557,0,1,0
1558,1,1,2
1559,0,0,0
1560,1,0,2
1561,0,1,1
1562,1,1,2
1563,1,1,1
1564,0,1,0
1565,1,0,1
1566,0,0,0
1567,1,0,0
1568,0,1,0
1569,1,1,1
1570,0,1,0
1571,1,0,1
1572,0,0,0
1573,1,1,1
1574,0,1,0
1575,1,1,1
1576,0,1,0
1577,1,1,1
1578,0,1,0
1579,1,0,0
1580,0,1,0
1581,1,0,0
1582,0,1,0
1583,1,0,2
1584,0,1,2
1585,1,1,1
1586,0,1,0
1587,1,1,1
1588,0,1,0
1589,1,0,1
1590,0,0,0
1591,0,1,0
1592,1,1,2
1593,1,0,1
1594,0,0,0
1595,1,1,1
1596,0,1,0
1597,1,0,1
1598,0,0,0
1599,1,1,1
1600,0,1,0
1601,1,1,1
1602,0,1,0
1603,1,1,1
1604,0,1,0
1605,0,0,1
1606,1,0,0
1607,0,0,2
1608,1,1,2
1609,1,0,1
1610,0,0,0
1611,0,0,1
1612,1,1,1
1613,1,0,2
1614,0,1,2
1615,1,1,1
1616,0,1,0
1617,0,1,1
1618,1,1,0
1619,0,0,2
1620,1,1,2
1621,1,1,1
1622,0,1,0
1623,0,0,0
1624,1,1,0
1625,1,0,0
1626,0,1,0
1627,1,0,1
1628,0,0,0
1629,0,1,1
1630,1,1,2
1631,0,0,1
1632,1,1,1
1633,0,0,0
1634,1,0,2
1635,0,1,0
1636,1,1,2
1637,0,0,1
1638,1,1,1
1639,0,0,1
1640,1,1,1
1641,0,0,0
1642,1,0,2
1643,1,1,1
1644,0,1,0
1645,1,0,1
1646,0,0,0
1647,0,0,1
1648,1,1,1
1649,1,0,2
1650,0,1,2
1651,0,0,2
1652,1,1,2
1653,1,1,1
1654,0,1,0
1655,1,0,1
1656,0,0,0
1657,1,0,1
1658,0,0,0
1659,0,0,2
1660,1,1,2
1661,0,1,0
1662,1,1,2
1663,1,1,0
1664,0,1,2
1665,1,1,1
1666,0,1,0
1667,1,1,1
1668,0,1,0
1669,0,0,0
1670,1,0,2
1671,1,0,1
1672,0,1,1
1673,0,0,0
1674,1,0,2
1675,1,1,1
1676,0,1,0
1677,1,0,1
1678,0,0,0
1679,1,0,1
1680,0,1,1
1681,0,1,1
1682,1,1,0
1683,1,0,1
1684,0,0,0
1685,1,0,1
1686,0,1,1
1687,0,1,1
1688,1,1,0
1689,0,1,0
1690,1,1,2
1691,1,1,1
1692,0,1,0
1693,0,0,1
1694,1,0,0
1695,1,0,1
1696,0,1,1
1697,0,0,0
1698,1,0,2
1699,0,0,1
1700,1,0,2
1701,1,1,1
1702,0,1,0
1703,0,1,0
1704,1,1,2
1705,0,0,1
1706,1,1,1
1707,0,0,0
1708,1,1,0
1709,1,0,0
1710,0,1,0
1711,0,0,1
1712,1,0,2
1713,1,0,1
1714,0,0,0
1715,0,0,0
1716,1,1,0
1717,1,0,1
1718,0,1,1
1719,1,0,0
1720,0,1,0
1721,0,0,1
1722,1,1,1
1723,0,0,1
1724,1,0,0
1725,0,0,0
1726,1,0,2
1727,1,0,1
1728,0,0,0
1729,1,1,1
1730,0,1,0
1731,1,0,1
1732,0,0,0
1733,0,0,0
1734,1,0,2
1735,1,1,1
1736,0,1,0
1737,1,0,0
1738,0,1,0
1739,0,0,2
1740,1,1,2
1741,1,0,1
1742,0,0,0
1743,0,0,1
1744,1,0,2
1745,0,0,0
1746,1,0,2
1747,0,0,2
1748,1,1,2
1749,0,0,2
1750,1,1,2
1751,1,0,1
1752,0,0,0
1753,0,0,0
1754,1,1,0
1755,0,0,0
1756,1,0,2
1757,0,0,1
1758,1,1,1
1759,0,0,2
1760,1,1,2
1761,1,0,0
1762,0,1,0
1763,1,0,1
1764,0,1,1
1765,0,0,1
1766,1,1,1
1767,0,1,0
1768,1,1,2
1769,1,0,1
1770,0,0,0
1771,1,0,2
1772,0,1,2
1773,0,1,1
1774,1,1,0
1775,1,0,1
1776,0,1,1
1777,1,1,1
1778,0,1,0
1779,0,0,0
1780,1,0,2
1781,0,0,0
1782,1,1,0
1783,0,0,0
1784,1,0,2
1785,1,1,1
1786,0,1,0
1787,0,1,1
1788,1,1,2
1789,1,0,2
1790,0,1,2
1791,0,0,2
1792,1,1,2
1793,1,0,1
1794,0,0,0
1795,0,1,1
1796,1,1,0
1797,1,0,1
1798,0,0,0
1799,1,1,1
1800,0,1,0
1801,1,0,0
1802,0,1,0
1803,1,0,1
1804,0,0,0
1805,0,0,1
1806,1,0,2
1807,1,1,1
1808,0,1,0
1809,1,0,1
1810,0,0,0
1811,0,0,2
1812,1,1,2
1813,0,1,1
1814,1,1,2
1815,1,0,1
1816,0,0,0
1817,0,1,1
1818,1,1,2
1819,0,1,1
1820,1,1,2
1821,1,0,2
1822,0,1,2
1823,1,0,2
1824,0,1,2
1825,0,1,0
1826,1,1,2
1827,0,1,0
1828,1,1,2
1829,0,0,0
1830,1,0,2
1831,0,0,1
1832,1,1,1
1833,1,0,1
1834,0,0,0
1835,1,0,1
1836,0,0,0
1837,1,1,1
1838,0,1,0
1839,1,1,1
1840,0,1,0
1841,0,0,0
1842,1,0,2
1843,0,0,1
1844,1,1,1
1845,0,1,0
1846,1,1,2
1847,1,1,1
1848,0,1,0
1849,0,0,2
1850,1,1,2
1851,0,1,1
1852,1,1,2
1853,0,0,0
1854,1,1,0
1855,1,1,1
1856,0,1,0
1857,1,0,1
1858,0,0,0
1859,1,0,1
1860,0,0,0
1861,0,0,0
1862,1,1,0
1863,1,1,1
1864,0,1,0
1865,0,0,1
1866,1,1,1
1867,0,0,1
1868,1,1,1
1869,1,1,1
1870,0,1,2
1871,0,0,0
1872,1,1,0
1873,0,0,0
1874,1,0,2
1875,0,0,0
1876,1,0,2
1877,1,1,1
1878,0,1,2
1879,0,0,0
1880,1,0,2
1881,1,1,1
1882,0,1,0
1883,0,1,0
1884,1,1,2
1885,0,0,1
1886,1,0,0
1887,1,1,1
1888,0,1,0
1889,0,1,0
1890,1,1,2
1891,0,1,0
1892,1,1,2
1893,0,0,0
1894,1,1,0
1895,0,0,2
1896,1,1,2
1897,1,0,0
1898,0,1,0
1899,1,0,1
1900,0,0,0
1901,1,0,0
1902,0,1,0
1903,1,1,1
1904,0,1,0
1905,1,1,1
1906,0,1,2
1907,1,0,1
1908,0,0,2
1909,1,1,1
1910,0,1,0
1911,0,1,1
1912,1,1,0
1913,0,0,0
1914,1,0,2
1915,0,0,1
1916,1,1,1
1917,0,1,0
1918,1,1,2
1919,0,0,0
1920,1,0,2
1921,1,1,1
1922,0,1,0
1923,1,0,1
1924,0,0,0
1925,0,0,0
1926,1,0,2
1927,1,0,1
1928,0,0,0
1929,0,0,0
1930,1,0,2
1931,1,0,1
1932,0,0,0
1933,1,0,1
1934,0,0,0
1935,0,1,1
1936,1,1,2
1937,1,1,1
1938,0,1,0
1939,1,1,1
1940,0,1,0
1941,1,0,1
1942,0,0,0
1943,1,1,1
1944,0,1,0
1945,0,0,1
1946,1,0,0
1947,0,0,2
1948,1,1,2
1949,1,1,1
1950,0,1,0
1951,0,0,1
1952,1,0,2
1953,1,0,1
1954,0,0,0
1955,0,0,1
1956,1,0,2
1957,0,0,1
1958,1,1,1
1959,1,1,1
1960,0,1,0
1961,0,1,0
1962,1,1,2
1963,0,1,1
1964,1,1,2
1965,0,0,2
1966,1,1,2
1967,1,1,1
1968,0,1,0
1969,1,1,1
1970,0,1,0
1971,0,0,1
1972,1,0,0
1973,1,1,1
1974,0,1,0
1975,1,1,1
1976,0,1,0
1977,0,1,1
1978,1,1,0
1979,1,1,1
1980,0,1,0
1981,1,0,0
1982,0,0,2
1983,1,1,0
1984,0,1,2
1985,1,1,1
1986,0,1,0
1987,0,0,0
1988,1,1,0
1989,0,0,0
1990,1,0,2
1991,0,1,0
1992,1,1,2
1993,1,0,1
1994,0,0,0
1995,1,0,1
1996,0,0,0
1997,0,0,1
1998,1,0,0
1999,1,0,2
2000,0,1,2
2001,0,0,1
2002,1,0,2
2003,0,0,0
2004,1,0,2
2005,1,1,1
2006,0,1,0
2007,1,0,1
2008,0,1,1
2009,0,1,0
2010,1,1,2
2011,0,0,0
2012,1,1,0
2013,1,1,1
2014,0,1,0
2015,1,0,1
2016,0,1,1
2017,0,0,1
2018,1,0,0
2019,1,0,1
2020,0,0,0
2021,0,1,1
2022,1,1,0
2023,1,1,1
2024,0,1,0
2025,1,1,0
2026,0,1,2
2027,1,0,1
2028,0,0,0
2029,0,0,1
2030,1,1,1
2031,0,0,0
2032,1,1,0
2033,1,0,1
2034,0,0,0
2035,1,0,0
2036,0,1,0
2037,0,1,0
2038,1,1,2
2039,0,1,1
2040,1,1,2
2041,1,1,1
2042,0,1,0
2043,1,0,2
2044,0,1,2
2045,0,0,2
2046,1,1,2
2047,0,0,2
2048,1,1,2
2049,1,0,2
2050,0,1,2
2051,1,0,1
2052,0,0,0
2053,1,0,1
2054,0,0,0
2055,0,0,2
2056,1,1,2
2057,0,0,2
2058,1,1,2
2059,1,0,1
2060,0,0,0
2061,0,1,1
2062,1,1,2
2063,0,1,0
2064,1,1,2
2065,1,1,1
2066,0,1,0
2067,1,1,1
2068,0,1,0
2069,1,1,1
2070,0,1,0
2071,1,1,1
2072,0,1,0
2073,1,0,1
2074,0,0,0
2075,1,0,1
2076,0,0,0
2077,1,0,1
2078,0,0,0
2079,1,0,1
2080,0,0,0
2081,1,1,1
2082,0,1,0
2083,1,0,0
2084,0,0,2
2085,0,0,2
2086,1,1,2
2087,0,1,0
2088,1,1,2
2089,1,1,1
2090,0,1,0
2091,1,0,1
2092,0,0,0
2093,0,0,1
2094,1,0,0
2095,1,1,1
2096,0,1,0
2097,0,0,1
2098,1,1,1
2099,0,1,1
2100,1,1,0
2101,1,0,2
2102,0,1,2
2103,1,0,1
2104,0,0,0
2105,1,0,0
2106,0,0,2
2107,0,1,0
2108,1,1,2
2109,1,1,1
2110,0,1,0
2111,1,0,1
2112,0,0,0
2113,1,1,0
2114,0,1,2
2115,0,0,2
2116,1,1,2
2117,1,0,1
2118,0,1,1
2119,0,0,0
2120,1,0,2
2121,0,0,0
2122,1,0,2
2123,0,0,0
2124,1,0,2
2125,1,1,1
2126,0,1,0
2127,1,1,1
2128,0,1,0
2129,1,0,0
2130,0,1,0
2131,0,1,1
2132,1,1,0
2133,0,0,0
2134,1,1,0
2135,1,1,1
2136,0,1,0
2137,1,0,0
2138,0,1,0
2139,0,0,1
2140,1,0,2
2141,1,1,1
2142,0,1,2
2143,0,1,0
2144,1,1,2
2145,0,0,1
2146,1,0,0
2147,0,0,1
2148,1,0,0
2149,1,1,1
2150,0,1,0
2151,0,0,1
2152,1,1,1
2153,0,0,1
2154,1,0,0
2155,0,0,0
2156,1,1,0
2157,0,0,0
2158,1,1,0
2159,1,1,1
2160,0,1,0
2161,1,0,1
2162,0,0,0
2163,1,1,1
2164,0,1,0
2165,0,0,0
2166,1,1,0
2167,1,0,1
2168,0,0,0
2169,1,1,0
2170,0,1,2
2171,0,0,0
2172,1,0,2
2173,1,1,1
2174,0,1,0
2175,0,1,1
2176,1,1,0
2177,0,0,1
2178,1,1,1
2179,1,0,1
2180,0,0,0
2181,1,1,1
2182,0,1,0
2183,1,0,1
2184,0,0,0
2185,1,1,1
2186,0,1,0
2187,0,0,0
2188,1,1,0
2189,0,1,1
2190,1,1,2
2191,0,0,1
2192,1,1,1
2193,0,0,0
2194,1,0,2
2195,0,0,1
2196,1,0,0
2197,0,0,2
2198,1,1,2
2199,0,0,0
2200,1,1,0
2201,0,1,1
2202,1,1,2
2203,0,1,0
2204,1,1,2
2205,0,1,0
2206,1,1,2
2207,1,1,1
2208,0,1,0
2209,0,0,1
2210,1,1,1
2211,1,0,1
2212,0,0,0
2213,0,1,1
2214,1,1,0
2215,1,1,1
2216,0,1,0
2217,1,0,1
2218,0,0,0
2219,0,1,1
2220,1,1,2
2221,0,1,0
2222,1,1,2
2223,1,0,2
2224,0,1,2
2225,0,0,0
2226,1,0,2
2227,0,1,0
2228,1,1,2
2229,1,0,1
2230,0,0,0
2231,1,0,2
2232,0,1,2
2233,0,1,0
2234,1,1,2
2235,0,1,1
2236,1,1,2
2237,1,1,1
2238,0,1,0
2239,0,0,0
2240,1,0,2
2241,1,0,0
2242,0,1,0
2243,0,1,1
2244,1,1,0
2245,1,0,1
2246,0,0,0
2247,0,1,1
2248,1,1,2
2249,0,0,2
2250,1,1,2
2251,0,0,0
2252,1,0,2
2253,1,1,1
2254,0,1,0
2255,1,0,1
2256,0,0,0
2257,1,0,1
2258,0,0,0
2259,0,1,0
2260,1,1,2
2261,0,1,0
2262,1,1,2
2263,1,0,1
2264,0,0,0
2265,0,0,0
2266,1,1,0
2267,0,1,0
2268,1,1,2
2269,0,0,1
2270,1,1,1
2271,1,0,1
2272,0,0,0
